,glycolysis_score,oxphos_score,metabolic_ratio,metabolic_label
TCGA-3C-AAAU,0.07532985656240987,-0.49924622334415175,0.5745760799065616,Glycolytic
TCGA-3C-AALI,0.7811691322909948,0.2958021880590219,0.4853669442319729,Glycolytic
TCGA-3C-AALJ,0.047074574837482085,0.05145563728746742,-0.004381062449985339,Mixed
TCGA-3C-AALK,-0.17404548960592195,-0.028398083124025884,-0.14564740648189606,Mixed
TCGA-4H-AAAK,-0.09754230901281587,-0.34732115413284426,0.2497788451200284,Glycolytic
TCGA-5L-AAT0,-0.34219789859643984,-0.16105695585301996,-0.18114094274341988,Oxidative
TCGA-5T-A9QA,0.03600524939274064,0.12105953414503468,-0.08505428475229404,Mixed
TCGA-A1-A0SB,-0.36547470044436675,-0.6628022648979187,0.29732756445355196,Glycolytic
TCGA-A1-A0SE,-0.2560312703731307,-0.32089394163272844,0.06486267125959772,Mixed
TCGA-A1-A0SF,-0.25796095899441296,0.19154967021020172,-0.4495106292046147,Oxidative
TCGA-A1-A0SG,-0.040926869194905145,0.034020856759014895,-0.07494772595392005,Mixed
TCGA-A1-A0SH,-0.43373162393196635,-0.7107936678099348,0.27706204387796846,Glycolytic
TCGA-A1-A0SI,-0.0637677867174643,-0.15063247883665154,0.08686469211918724,Mixed
TCGA-A1-A0SJ,0.12611026230984432,-0.024163518884453963,0.1502737811942983,Mixed
TCGA-A1-A0SK,0.5491175745602573,-0.2095597576734489,0.7586773322337063,Glycolytic
TCGA-A1-A0SM,-0.1394592253477219,-0.49370213004081004,0.35424290469308817,Glycolytic
TCGA-A1-A0SN,-0.23515200677523707,0.009707230448706392,-0.24485923722394345,Oxidative
TCGA-A1-A0SO,0.02108180664322683,-0.5041100815157609,0.5251918881589877,Glycolytic
TCGA-A1-A0SP,0.6694102976729445,0.45034682730459435,0.2190634703683501,Glycolytic
TCGA-A1-A0SQ,-0.02683185092666439,0.055381723823534484,-0.08221357475019887,Mixed
TCGA-A2-A04R,-0.1529901130144065,-0.012865116336078815,-0.14012499667832767,Mixed
TCGA-A2-A0CK,-0.16167195231524864,-0.08993152900084629,-0.07174042331440235,Mixed
TCGA-A2-A0CO,-0.31692562605430535,-0.4298564089045042,0.11293078285019886,Mixed
TCGA-A2-A0CR,0.0753965834530564,0.5102495928044787,-0.4348530093514223,Oxidative
TCGA-A2-A0CT,-0.23144150884504566,0.232883317574553,-0.46432482641959866,Oxidative
TCGA-A2-A0EN,-0.012607898804606025,-0.065254588248068,0.05264668944346197,Mixed
TCGA-A2-A0EP,0.26490453160755784,-0.12719644263097243,0.3921009742385303,Glycolytic
TCGA-A2-A0EU,-0.10444363863229611,0.041506767469042256,-0.14595040610133836,Mixed
TCGA-A2-A0ST,0.24182566044690623,-0.28738613336715774,0.5292117938140639,Glycolytic
TCGA-A2-A0SU,-0.09347434524552953,-0.04077577384206774,-0.052698571403461784,Mixed
TCGA-A2-A0SV,0.65190968590396,0.5430509496271239,0.10885873627683618,Mixed
TCGA-A2-A0SW,0.11751839136994965,0.6463954361096445,-0.5288770447396948,Oxidative
TCGA-A2-A0SX,0.17286140921945511,-0.6633593840477525,0.8362207932672077,Glycolytic
TCGA-A2-A0SY,-0.14160777769245203,-0.049758400900174735,-0.0918493767922773,Mixed
TCGA-A2-A0T0,0.6074763463570229,0.7649479680577023,-0.1574716217006794,Mixed
TCGA-A2-A0T1,0.2507268441117233,0.3419789264356141,-0.09125208232389082,Mixed
TCGA-A2-A0T2,0.8399108773622707,0.6338807463639899,0.2060301309982807,Glycolytic
TCGA-A2-A0T4,0.05561529945543953,0.2471638394597017,-0.19154854000426216,Oxidative
TCGA-A2-A0T5,-0.2142675638870765,-0.11789614903884513,-0.09637141484823136,Mixed
TCGA-A2-A0T6,-0.3196648600408147,-0.6672641264496919,0.3475992664088772,Glycolytic
TCGA-A2-A0T7,-0.13853563662908036,-0.5601306158717464,0.42159497924266603,Glycolytic
TCGA-A2-A0YC,-0.15635913782671312,-0.19375784613644276,0.037398708309729634,Mixed
TCGA-A2-A0YD,-0.3422277919693066,-0.7794041962216108,0.43717640425230425,Glycolytic
TCGA-A2-A0YE,0.19564075611169338,-0.5419504707376614,0.7375912268493549,Glycolytic
TCGA-A2-A0YF,-0.6369662790677065,-0.3264390843098817,-0.3105271947578248,Oxidative
TCGA-A2-A0YG,-0.5233706837486706,0.12014838611934325,-0.6435190698680138,Oxidative
TCGA-A2-A0YH,0.3510722652270366,0.17294338964767642,0.1781288755793602,Mixed
TCGA-A2-A0YI,-0.343234366434152,-0.45452275759761535,0.11128839116346334,Mixed
TCGA-A2-A0YJ,0.4184886273524103,-0.6918911429296215,1.110379770282032,Glycolytic
TCGA-A2-A0YK,-0.3318450862802883,-0.581441066360071,0.24959598007978268,Glycolytic
TCGA-A2-A0YL,-0.4150416088153691,-0.5412625430091584,0.12622093419378932,Mixed
TCGA-A2-A0YM,0.45450757928910374,-0.9146526392182889,1.3691602185073926,Glycolytic
TCGA-A2-A0YT,0.23333920441516545,0.267285609675307,-0.03394640526014156,Mixed
TCGA-A2-A1FV,-0.8615898089531937,-0.32395509673637307,-0.5376347122168206,Oxidative
TCGA-A2-A1FW,-0.025700710539227484,-0.4553028933027446,0.42960218276351714,Glycolytic
TCGA-A2-A1FX,-0.1995453724026206,-0.24359292271198987,0.04404755030936927,Mixed
TCGA-A2-A1FZ,-0.42979041687808556,-0.44281691223002223,0.013026495351936673,Mixed
TCGA-A2-A1G0,-0.4149846108873632,-0.6088652069820052,0.19388059609464198,Mixed
TCGA-A2-A1G1,0.6061941238594164,-0.3660147655037241,0.9722088893631404,Glycolytic
TCGA-A2-A1G4,-0.2873544722316247,-0.5418551528321572,0.25450068060053255,Glycolytic
TCGA-A2-A1G6,-0.5871093160970036,-0.4820863296171671,-0.10502298647983649,Mixed
TCGA-A2-A259,-0.1981237711133599,-0.342158617922958,0.14403484680959808,Mixed
TCGA-A2-A25A,-0.4715101115319959,-0.4961308498679934,0.024620738335997483,Mixed
TCGA-A2-A25B,-0.3616799139610311,0.16285387602080542,-0.5245337899818365,Oxidative
TCGA-A2-A25C,-0.515640149744342,-0.5096403385939645,-0.00599981115037751,Mixed
TCGA-A2-A25D,0.011395941285417363,0.814667669197655,-0.8032717279122377,Oxidative
TCGA-A2-A25E,-0.25628998530391345,-0.18471196695998687,-0.07157801834392657,Mixed
TCGA-A2-A25F,0.19231575679464555,-0.39081141344070863,0.5831271702353542,Glycolytic
TCGA-A2-A3KC,-0.4217783411276879,-0.7532914861397794,0.33151314501209145,Glycolytic
TCGA-A2-A3KD,-0.2075304701366004,-0.7120625545408007,0.5045320844042003,Glycolytic
TCGA-A2-A3XS,-0.10342535797901287,0.24801577054350002,-0.35144112852251286,Oxidative
TCGA-A2-A3XT,0.473066425380163,0.7439860067935524,-0.2709195814133894,Oxidative
TCGA-A2-A3XU,0.9834454590909997,1.1663933985604156,-0.1829479394694159,Oxidative
TCGA-A2-A3XV,0.09146460420847628,1.90907042793905,-1.8176058237305737,Oxidative
TCGA-A2-A3XW,0.24729093770838398,0.4338097417115588,-0.1865188040031748,Oxidative
TCGA-A2-A3XX,0.7344093628033354,0.1865265231732539,0.5478828396300814,Glycolytic
TCGA-A2-A3XY,0.3617342752335021,0.22715729324632034,0.13457698198718177,Mixed
TCGA-A2-A3XZ,0.4650961556714085,0.13523603214719968,0.3298601235242088,Glycolytic
TCGA-A2-A3Y0,0.8927747148387655,0.5460145584842397,0.34676015635452573,Glycolytic
TCGA-A2-A4RW,-0.4182736482168371,-0.7140380429200485,0.29576439470321136,Glycolytic
TCGA-A2-A4RX,0.5612773792280491,-0.6209100683563241,1.1821874475843732,Glycolytic
TCGA-A2-A4RY,-0.34109847978542573,-1.1001763445422177,0.759077864756792,Glycolytic
TCGA-A2-A4S0,0.011134280855102084,-0.579969680230748,0.5911039610858501,Glycolytic
TCGA-A2-A4S1,0.14112697748733008,0.1462059676987054,-0.005078990211375312,Mixed
TCGA-A2-A4S2,-0.11841932647276476,-0.4632313381100556,0.34481201163729086,Glycolytic
TCGA-A2-A4S3,0.31176086064212577,0.3913208400842114,-0.07955997944208565,Mixed
TCGA-A7-A0D9,-0.2044740267851343,0.1963227978013117,-0.400796824586446,Oxidative
TCGA-A7-A13D,1.1652590023768772,0.09727320253677307,1.067985799840104,Glycolytic
TCGA-A7-A13E,0.534567972475883,-0.23231086138178292,0.7668788338576659,Glycolytic
TCGA-A7-A13F,-0.18721469705932187,0.3713588597754246,-0.5585735568347465,Oxidative
TCGA-A7-A13G,-0.4081032310749885,-0.19666763692082861,-0.2114355941541599,Oxidative
TCGA-A7-A13H,-0.15156813922568582,-0.7460937251644622,0.5945255859387764,Glycolytic
TCGA-A7-A26E,-0.4872550639803907,-0.4621347604865511,-0.02512030349383959,Mixed
TCGA-A7-A26F,-0.0014906874024763924,-1.023551128089037,1.0220604406865605,Glycolytic
TCGA-A7-A26G,-0.04381558994688649,-0.9373791586106708,0.8935635686637843,Glycolytic
TCGA-A7-A26H,-0.2360712744622095,-0.38457883673706245,0.14850756227485296,Mixed
TCGA-A7-A26I,0.3546787775447539,-0.23982846774902694,0.5945072452937809,Glycolytic
TCGA-A7-A26J,-0.3810216866138563,-0.6916023889776849,0.31058070236382856,Glycolytic
TCGA-A7-A2KD,-0.47974076825446815,-0.5497999421250859,0.07005917387061772,Mixed
TCGA-A7-A3IY,0.27717157723179614,0.26795685744437353,0.00921471978742261,Mixed
TCGA-A7-A3IZ,-0.555413619653747,-0.7035226449441797,0.14810902529043268,Mixed
TCGA-A7-A3J0,-0.0048926235543060356,-0.1434288881223264,0.13853626456802037,Mixed
TCGA-A7-A3J1,-0.22269705362343317,-0.6191424482597921,0.39644539463635897,Glycolytic
TCGA-A7-A3RF,1.0980663232789156,0.3966159569122316,0.701450366366684,Glycolytic
TCGA-A7-A425,-0.056104576590926714,0.21984555993885846,-0.2759501365297852,Oxidative
TCGA-A7-A426,-0.2472842273249404,-0.4124850900530392,0.16520086272809878,Mixed
TCGA-A7-A4SA,-0.0010685725214263822,-0.2756215389686376,0.2745529664472112,Glycolytic
TCGA-A7-A4SB,-0.5560885395528734,-0.5582054439629051,0.0021169044100316503,Mixed
TCGA-A7-A4SC,-0.42206983820548466,-0.675078174589962,0.25300833638447734,Glycolytic
TCGA-A7-A4SD,0.6727506751382624,-0.25295310080453853,0.9257037759428008,Glycolytic
TCGA-A7-A4SE,0.389501714854051,-0.846574117598009,1.23607583245206,Glycolytic
TCGA-A7-A4SF,0.14976510594905873,-0.1095733897372485,0.25933849568630724,Glycolytic
TCGA-A7-A56D,1.308352953972263,1.480776894702441,-0.17242394073017797,Oxidative
TCGA-A7-A5ZV,0.2519572012323743,0.24813156355102484,0.0038256376813494697,Mixed
TCGA-A7-A5ZW,-0.34538843035860317,-0.17042140154036187,-0.1749670288182413,Oxidative
TCGA-A7-A5ZX,-0.386483478852964,-0.39031715862813865,0.0038336797751746254,Mixed
TCGA-A7-A6VV,0.6254594789412151,0.09606653492805615,0.529392944013159,Glycolytic
TCGA-A7-A6VW,0.5382955960330151,1.1623953605643302,-0.6240997645313151,Oxidative
TCGA-A7-A6VX,0.1553964428160769,-0.0034569430273025947,0.1588533858433795,Mixed
TCGA-A7-A6VY,0.735154239277886,-0.16357573220500984,0.8987299714828959,Glycolytic
TCGA-A8-A075,0.5534482554397294,-0.12169802110262933,0.6751462765423587,Glycolytic
TCGA-A8-A08O,-0.203961814525336,-0.5846549714611461,0.3806931569358101,Glycolytic
TCGA-A8-A0A6,-0.18912167927126622,-0.0970263076258521,-0.09209537164541412,Mixed
TCGA-A8-A0AD,-0.29817841253291383,-0.22824411122351992,-0.0699343013093939,Mixed
TCGA-AC-A23C,-0.36498829401543736,-0.14727401834268322,-0.21771427567275414,Oxidative
TCGA-AC-A23E,0.5577921884556984,-0.4171544581721657,0.9749466466278641,Glycolytic
TCGA-AC-A23G,-0.1156273290630157,-0.41396871656211714,0.29834138749910144,Glycolytic
TCGA-AC-A23H,0.0060844489279737665,0.10229906792970765,-0.09621461900173389,Mixed
TCGA-AC-A2B8,-0.17706607357450507,-0.3750741137474468,0.19800804017294174,Glycolytic
TCGA-AC-A2BK,-0.032706904886667755,-0.7323342709279849,0.6996273660413171,Glycolytic
TCGA-AC-A2BM,-0.03928788598038713,-0.25600370414193285,0.21671581816154573,Glycolytic
TCGA-AC-A2FB,-0.24693344342007914,-0.3147070207352823,0.06777357731520314,Mixed
TCGA-AC-A2FE,-0.19758644139248105,-0.36581170080356873,0.16822525941108768,Mixed
TCGA-AC-A2FF,-0.2699864756208305,-0.36096192955671097,0.09097545393588047,Mixed
TCGA-AC-A2FG,-0.43940227800761755,-0.15883619455473008,-0.28056608345288747,Oxidative
TCGA-AC-A2FK,-0.5754928036242017,-1.1412112700326253,0.5657184664084236,Glycolytic
TCGA-AC-A2FM,-0.33419154026365167,0.07244977060269975,-0.4066413108663514,Oxidative
TCGA-AC-A2FO,-0.05797644406595251,-0.3657347986994688,0.3077583546335163,Glycolytic
TCGA-AC-A2QH,0.6211466064573856,-0.6791258258957379,1.3002724323531236,Glycolytic
TCGA-AC-A2QI,-0.35443374573666486,-0.3572126288544612,0.002778883117796338,Mixed
TCGA-AC-A2QJ,0.7381615254742492,1.3239588904668473,-0.5857973649925982,Oxidative
TCGA-AC-A3BB,0.07014682202050292,-0.03202629199968963,0.10217311402019255,Mixed
TCGA-AC-A3EH,0.05272245666550536,0.014041489766972204,0.038680966898533155,Mixed
TCGA-AC-A3HN,-0.1625382809080349,-0.32361336306553085,0.16107508215749594,Mixed
TCGA-AC-A3OD,-0.32426165729369005,-0.32830252816827027,0.004040870874580216,Mixed
TCGA-AC-A3QP,-0.0413145012785989,0.5733352657704034,-0.6146497670490023,Oxidative
TCGA-AC-A3QQ,0.18895718194789607,0.6850531733840672,-0.49609599143617117,Oxidative
TCGA-AC-A3TM,0.2643583872577084,1.0456513576641329,-0.7812929704064244,Oxidative
TCGA-AC-A3TN,-0.18916735704971532,0.5478516913862996,-0.737019048436015,Oxidative
TCGA-AC-A3W5,0.24970297976512001,0.10314895417269046,0.14655402559242955,Mixed
TCGA-AC-A3W6,-0.04463784904521673,-0.2263125747776927,0.18167472573247598,Mixed
TCGA-AC-A3W7,-0.29029808128962237,-0.45091900324443907,0.1606209219548167,Mixed
TCGA-AC-A3YI,-0.11132714220948142,-0.5403460499820204,0.429018907772539,Glycolytic
TCGA-AC-A3YJ,0.21725175970684235,0.8597421036483179,-0.6424903439414755,Oxidative
TCGA-AC-A4ZE,-0.4791236907696124,-0.258193946814359,-0.22092974395525344,Oxidative
TCGA-AC-A5EH,0.5946230317446988,0.7003154603463305,-0.10569242860163175,Mixed
TCGA-AC-A5XS,-0.0897469154182548,0.30815669323986056,-0.39790360865811536,Oxidative
TCGA-AC-A5XU,-0.024091200356460424,0.11004685858076198,-0.13413805893722242,Mixed
TCGA-AC-A62V,0.6113547682748288,1.0061192647716801,-0.3947644964968513,Oxidative
TCGA-AC-A62X,0.2876219189514518,0.014744054099223008,0.27287786485222876,Glycolytic
TCGA-AC-A62Y,-0.02750357316903834,0.24550280563812193,-0.2730063788071603,Oxidative
TCGA-AC-A6IV,0.18280734271005253,-0.36405196766570497,0.5468593103757575,Glycolytic
TCGA-AC-A6IW,0.6499535506428489,0.6086039107967771,0.04134963984607176,Mixed
TCGA-AC-A6IX,-0.21123496864917105,-0.20814904602444972,-0.003085922624721321,Mixed
TCGA-AC-A6NO,-0.19786188164749555,-0.019342030230179132,-0.1785198514173164,Oxidative
TCGA-AC-A7VB,-0.029805617012406315,0.12319041432304334,-0.15299603133544964,Mixed
TCGA-AC-A7VC,0.8472426143159759,0.7504796304270553,0.09676298388892057,Mixed
TCGA-AC-A8OP,-0.2152538147133652,-0.4916155172186314,0.2763617025052662,Glycolytic
TCGA-AC-A8OQ,0.3298955243654661,-0.060608514027271125,0.39050403839273723,Glycolytic
TCGA-AC-A8OR,0.255318456279078,-0.41459125046670886,0.6699097067457869,Glycolytic
TCGA-AC-A8OS,-0.18062172576347404,-0.3027349946686096,0.12211326890513555,Mixed
TCGA-AN-A0XL,-0.5502144333459617,-0.5507349103764698,0.0005204770305081707,Mixed
TCGA-AN-A0XN,0.40526104108404154,-0.46035429122612337,0.865615332310165,Glycolytic
TCGA-AN-A0XO,0.12579500966994164,0.18225470195304544,-0.056459692283103796,Mixed
TCGA-AN-A0XP,-0.6049326161543173,-0.1271801104236483,-0.47775250573066896,Oxidative
TCGA-AN-A0XR,-0.0957210702468371,0.09432026557334523,-0.19004133582018234,Oxidative
TCGA-AN-A0XS,-0.25493664439814645,-0.26713751274514586,0.012200868346999405,Mixed
TCGA-AN-A0XT,-0.7949097903135932,-0.1972660487883908,-0.5976437415252024,Oxidative
TCGA-AN-A0XU,0.7824700305570373,0.21119398081921006,0.5712760497378273,Glycolytic
TCGA-AN-A0XV,-0.07885680230629898,-0.04639043404341845,-0.032466368262880525,Mixed
TCGA-AN-A0XW,0.06804093177501457,-0.07912323329001363,0.1471641650650282,Mixed
TCGA-AO-A03L,-0.27348263583686394,-0.16489459805456347,-0.10858803778230047,Mixed
TCGA-AO-A03M,0.21483718524442982,0.26977330864170623,-0.05493612339727641,Mixed
TCGA-AO-A03N,0.016278836792972165,0.9243104465354204,-0.9080316097424482,Oxidative
TCGA-AO-A03U,0.021160333236769642,-0.772039041710241,0.7931993749470106,Glycolytic
TCGA-AO-A0JA,-0.47912805417998583,-0.30515642423177214,-0.1739716299482137,Oxidative
TCGA-AO-A0JB,0.04022157795439635,1.0416487756982706,-1.0014271977438742,Oxidative
TCGA-AO-A0JC,-0.08870989460158298,-0.44632147694771973,0.35761158234613677,Glycolytic
TCGA-AO-A0JD,0.6054094871231517,0.9410057970026023,-0.33559630987945066,Oxidative
TCGA-AO-A0JE,-0.00849790543340071,-0.08766269907364316,0.07916479364024245,Mixed
TCGA-AO-A0JF,-0.18595553750040864,-0.09330220753503536,-0.09265332996537327,Mixed
TCGA-AO-A0JG,-0.48184468644407313,-0.37470737132901033,-0.1071373151150628,Mixed
TCGA-AO-A0JI,-0.42103485016011793,0.005180518819403498,-0.42621536897952145,Oxidative
TCGA-AO-A0JJ,-0.21757886572685367,0.06870906000142432,-0.286287925728278,Oxidative
TCGA-AO-A0JL,0.041641868485169736,0.6199430040539827,-0.578301135568813,Oxidative
TCGA-AO-A0JM,0.10707687300031546,0.03866399934303579,0.06841287365727966,Mixed
TCGA-AO-A124,0.4966358695129852,0.4309936123341242,0.06564225717886102,Mixed
TCGA-AO-A125,-0.2070042191856828,0.1001945744106272,-0.30719879359630997,Oxidative
TCGA-AO-A126,-0.22230878841528703,0.31489650104015426,-0.5372052894554413,Oxidative
TCGA-AO-A128,0.0008230710621037816,-0.3886763425888916,0.3894994136509954,Glycolytic
TCGA-AO-A129,0.6184212425896828,0.26545318249826294,0.35296806009141984,Glycolytic
TCGA-AO-A12B,-0.24685852222114554,0.7490498917757938,-0.9959084139969394,Oxidative
TCGA-AO-A12C,-0.26574142579963084,-0.25785125809734294,-0.007890167702287898,Mixed
TCGA-AO-A12E,0.1579682147504346,0.11642080057702552,0.041547414173409083,Mixed
TCGA-AO-A12G,-0.09317302236182046,0.8836668953040925,-0.9768399176659129,Oxidative
TCGA-AO-A1KO,-0.6988733535797605,-0.7730641141968971,0.07419076061713659,Mixed
TCGA-AO-A1KP,-0.5920711262719434,0.04895023329929694,-0.6410213595712403,Oxidative
TCGA-AO-A1KQ,0.49225632666451025,0.6201066682107015,-0.12785034154619124,Mixed
TCGA-AO-A1KR,0.3112712723499858,0.9357552855601481,-0.6244840132101623,Oxidative
TCGA-AO-A1KS,-0.9321813111564169,-0.7003109748291986,-0.23187033632721832,Oxidative
TCGA-AO-A1KT,0.5244647125074416,0.28062033547184323,0.24384437703559841,Glycolytic
TCGA-AQ-A04H,-0.0860311837292063,-0.4632433888932368,0.3772122051640305,Glycolytic
TCGA-AQ-A04L,0.5061336817118873,0.5961011491202752,-0.0899674674083879,Mixed
TCGA-AQ-A0Y5,1.067598883141368,0.13283334182801054,0.9347655413133575,Glycolytic
TCGA-AQ-A1H2,0.2807918208052858,0.27339951875856416,0.007392302046721644,Mixed
TCGA-AQ-A1H3,-0.35955105704388957,-0.539275356710357,0.1797242996664674,Mixed
TCGA-AQ-A54N,0.33303404689170124,0.19950699943285508,0.13352704745884617,Mixed
TCGA-AQ-A54O,-0.1379859281693083,0.7213816934746233,-0.8593676216439317,Oxidative
TCGA-AQ-A7U7,-0.3771685974790744,-0.8575953759518806,0.48042677847280624,Glycolytic
TCGA-AR-A0TP,0.4026658246083233,0.06585348973161292,0.33681233487671036,Glycolytic
TCGA-AR-A0TQ,0.4932755117963534,-0.065097723186836,0.5583732349831895,Glycolytic
TCGA-AR-A0TR,-0.6248024290037251,-0.20663984803901483,-0.41816258096471026,Oxidative
TCGA-AR-A0TT,0.1378265034297475,-0.48020487479844337,0.6180313782281909,Glycolytic
TCGA-AR-A0TU,0.37117082583150884,0.341290616766299,0.02988020906520983,Mixed
TCGA-AR-A0TV,0.09089699187680048,0.07870827817698292,0.012188713699817555,Mixed
TCGA-AR-A0TW,0.45401306084915494,0.2590397605941473,0.19497330025500764,Mixed
TCGA-AR-A0TX,0.09036168102107882,-0.3901547408712312,0.48051642189231003,Glycolytic
TCGA-AR-A0TZ,-0.7801313057997925,-0.9841088060044687,0.2039775002046762,Glycolytic
TCGA-AR-A0U0,0.2661831315762753,0.978513073931762,-0.7123299423554867,Oxidative
TCGA-AR-A0U2,0.035865243116310466,-0.8375531038608627,0.8734183469771731,Glycolytic
TCGA-AR-A0U3,0.08048718938115765,-0.26404485813089806,0.3445320475120557,Glycolytic
TCGA-AR-A0U4,0.5126906119695143,-0.5043508291932284,1.0170414411627426,Glycolytic
TCGA-AR-A1AI,0.6112565219878722,-0.25268849492848267,0.8639450169163548,Glycolytic
TCGA-AR-A1AJ,0.30922539873034066,-0.5542296307027976,0.8634550294331382,Glycolytic
TCGA-AR-A1AK,-0.16631568218206974,-0.37572988111171657,0.20941419892964683,Glycolytic
TCGA-AR-A1AL,-0.46542245142272654,-0.7206529558794144,0.2552305044566878,Glycolytic
TCGA-AR-A1AM,-0.2315707774168315,-0.223579879888177,-0.007990897528654478,Mixed
TCGA-AR-A1AN,-0.06763403723828955,0.011522141121706327,-0.07915617835999587,Mixed
TCGA-AR-A1AO,0.33716643973167937,-0.010261443340959981,0.34742788307263933,Glycolytic
TCGA-AR-A1AP,0.4597309683336009,-0.32846142284042734,0.7881923911740283,Glycolytic
TCGA-AR-A1AQ,0.5301570878413024,0.06198006358455125,0.4681770242567512,Glycolytic
TCGA-AR-A1AR,0.09581707475938644,-0.36384838907600037,0.4596654638353868,Glycolytic
TCGA-AR-A1AS,0.321732324108147,0.3108922105802413,0.010840113527905704,Mixed
TCGA-AR-A1AT,-0.008107290757226503,-0.2690888465782181,0.2609815558209916,Glycolytic
TCGA-AR-A1AU,0.3699177311683934,-0.4163125688376081,0.7862303000060015,Glycolytic
TCGA-AR-A1AV,-0.4547999054939119,-0.31227835395989556,-0.14252155153401636,Mixed
TCGA-AR-A1AW,-0.16480571573866704,-0.5744656044556457,0.4096598887169786,Glycolytic
TCGA-AR-A1AX,-0.07175808160422029,-0.4294358777626852,0.35767779615846496,Glycolytic
TCGA-AR-A1AY,0.338385024163269,-0.6147900337362657,0.9531750578995347,Glycolytic
TCGA-AR-A24H,-0.3933538105236142,-0.3919133156991782,-0.0014404948244359783,Mixed
TCGA-AR-A24K,-0.09981972386319465,-0.21523542164727458,0.11541569778407992,Mixed
TCGA-AR-A24L,-0.4708641525008107,-0.4857878422529606,0.014923689752149916,Mixed
TCGA-AR-A24M,-0.6964757071724123,-0.44616168905627396,-0.2503140181161383,Oxidative
TCGA-AR-A24N,-0.3398550866345316,-0.03718826585705725,-0.30266682077747437,Oxidative
TCGA-AR-A24O,-0.44119279621191165,-0.5651629823541452,0.12397018614223354,Mixed
TCGA-AR-A24P,-0.2447898522104526,-0.6854855833236503,0.4406957311131977,Glycolytic
TCGA-AR-A24Q,0.3856796397017042,0.3315746855819924,0.054104954119711834,Mixed
TCGA-AR-A24R,0.12077243442708892,-0.3936087416415267,0.5143811760686157,Glycolytic
TCGA-AR-A24S,-0.05492470119616993,-0.6558552175334992,0.6009305163373293,Glycolytic
TCGA-AR-A24T,-0.6015410763048396,-0.4896941511468031,-0.11184692515803646,Mixed
TCGA-AR-A24U,0.3917205287446016,-0.08941546848707332,0.48113599723167494,Glycolytic
TCGA-AR-A24V,0.1191758246667228,-0.34231087679374966,0.46148670146047244,Glycolytic
TCGA-AR-A24W,-0.4461185563684387,-0.4068311648054121,-0.03928739156302663,Mixed
TCGA-AR-A24X,-0.46576852877794,-0.4497248643629762,-0.0160436644149638,Mixed
TCGA-AR-A24Z,-0.49653484499175704,-0.388443581324245,-0.10809126366751204,Mixed
TCGA-AR-A250,0.1518605129441082,-0.5515281878056806,0.7033887007497888,Glycolytic
TCGA-AR-A251,-0.4396433594547546,-0.36602600018040277,-0.07361735927435181,Mixed
TCGA-AR-A252,0.04703079430289754,-0.38651055471448414,0.43354134901738167,Glycolytic
TCGA-AR-A254,0.24848295931729017,-0.13400564442129895,0.3824886037385891,Glycolytic
TCGA-AR-A255,-0.2057351291957001,-0.22046721038385936,0.014732081188159246,Mixed
TCGA-AR-A256,0.3046805938364078,0.61748451668087,-0.31280392284446223,Oxidative
TCGA-AR-A2LE,-0.49734792826544044,0.08435381011287464,-0.5817017383783151,Oxidative
TCGA-AR-A2LH,0.10828372379802487,0.11097215830482357,-0.0026884345067987037,Mixed
TCGA-AR-A2LJ,0.3142590762264049,0.46483688856856686,-0.15057781234216194,Mixed
TCGA-AR-A2LK,-0.25164751904678545,-0.29840878786269,0.04676126881590453,Mixed
TCGA-AR-A2LM,-0.7226439312712553,-1.0403512727875033,0.317707341516248,Glycolytic
TCGA-AR-A2LN,-0.3360129209611,-0.896158913325748,0.560145992364648,Glycolytic
TCGA-AR-A2LO,-0.674346944514788,-0.515770988555979,-0.15857595595880902,Oxidative
TCGA-AR-A2LQ,-0.20378321464187207,-0.40565322463530795,0.20187000999343588,Glycolytic
TCGA-AR-A5QM,-0.14879251536827776,0.005356072524896422,-0.15414858789317418,Mixed
TCGA-AR-A5QN,-0.38237514460239375,0.025692505667052046,-0.4080676502694458,Oxidative
TCGA-AR-A5QP,-0.24782695683004807,0.07112295350588209,-0.3189499103359302,Oxidative
TCGA-AR-A5QQ,0.8734477774489977,0.6076131191196936,0.2658346583293041,Glycolytic
TCGA-B6-A0I1,1.0746056065684881,0.8038737593941454,0.27073184717434273,Glycolytic
TCGA-B6-A0IK,0.375411090029194,1.0681304556996172,-0.6927193656704231,Oxidative
TCGA-B6-A0RE,0.4790561470852512,-0.05007871578427534,0.5291348628695265,Glycolytic
TCGA-B6-A0RG,-0.09991196548015897,0.3333444492727372,-0.43325641475289617,Oxidative
TCGA-B6-A0RI,-0.09501602794365219,-0.3099895831045204,0.21497355516086822,Glycolytic
TCGA-B6-A0RL,-0.12473669030938085,-0.12635981636042248,0.0016231260510416318,Mixed
TCGA-B6-A0RM,0.0864662768866743,-0.09984791667893061,0.1863141935656049,Mixed
TCGA-B6-A0RN,-0.4210562945341091,-0.10138457453071759,-0.3196717200033915,Oxidative
TCGA-B6-A0RO,0.17647824552958286,0.7340985171021425,-0.5576202715725596,Oxidative
TCGA-B6-A0RP,-0.5934901893662906,-0.45934120081989893,-0.13414898854639168,Mixed
TCGA-B6-A0RS,0.14412761641883207,0.588164269197112,-0.44403665277827986,Oxidative
TCGA-B6-A0RT,-0.20160450449223366,-0.4976941058784974,0.2960896013862637,Glycolytic
TCGA-B6-A0RU,0.2912169579462266,0.28067747980691315,0.01053947813931344,Mixed
TCGA-B6-A0RV,-0.3619252379908119,-0.2994378013150818,-0.06248743667573009,Mixed
TCGA-B6-A0WT,-0.5489649569097631,-0.49724499256620786,-0.05171996434355525,Mixed
TCGA-B6-A0WV,0.23290669733625594,-0.30860858228446275,0.5415152796207187,Glycolytic
TCGA-B6-A0WW,-0.48297416575717306,0.07555206997399587,-0.5585262357311689,Oxidative
TCGA-B6-A0WX,-0.4351429733172263,0.03601030795249272,-0.471153281269719,Oxidative
TCGA-B6-A0WY,-0.033328611354912926,-0.07206495641681072,0.0387363450618978,Mixed
TCGA-B6-A0WZ,-0.013801215419085877,0.6473775867174403,-0.6611788021365261,Oxidative
TCGA-B6-A0X1,0.17376279413195989,0.003331258913772302,0.17043153521818757,Mixed
TCGA-B6-A0X4,0.6336735594417674,0.1707772634691164,0.46289629597265103,Glycolytic
TCGA-B6-A0X7,-0.4024358280994833,-0.08028318881366177,-0.32215263928582155,Oxidative
TCGA-B6-A1KC,-0.29626382314992716,-0.07091456385585788,-0.2253492592940693,Oxidative
TCGA-B6-A1KF,0.2564875420615841,0.1365473021804801,0.11994023988110397,Mixed
TCGA-B6-A1KI,-0.23664203272449733,0.21353570527794863,-0.450177738002446,Oxidative
TCGA-B6-A1KN,-0.3204789850654372,-0.32090173930384597,0.00042275423840876236,Mixed
TCGA-B6-A2IU,-0.5274816070236453,0.020098315413250144,-0.5475799224368955,Oxidative
TCGA-B6-A3ZX,-0.017405730480472715,-0.5008875484721867,0.483481817991714,Glycolytic
TCGA-B6-A400,0.36865584818046926,0.030733191516500013,0.33792265666396926,Glycolytic
TCGA-B6-A401,0.22062816178902134,0.1578965968106618,0.06273156497835955,Mixed
TCGA-B6-A402,0.3491838915590479,0.44171389312758386,-0.09253000156853597,Mixed
TCGA-B6-A408,0.17509544368748522,-0.17855601455501038,0.3536514582424956,Glycolytic
TCGA-B6-A409,0.3398860419950172,0.7386523820653802,-0.398766340070363,Oxidative
TCGA-B6-A40B,0.16572298139986297,0.40190609923426895,-0.236183117834406,Oxidative
TCGA-B6-A40C,0.00951282115216898,-0.2627054405152844,0.2722182616674534,Glycolytic
TCGA-BH-A0AU,0.05491151738981498,-0.3371213194182223,0.3920328368080373,Glycolytic
TCGA-BH-A0AW,0.37337711062296874,1.1358221547807026,-0.7624450441577338,Oxidative
TCGA-BH-A0AZ,-0.2525688082385427,0.10986745152835073,-0.3624362597668934,Oxidative
TCGA-BH-A0B2,-0.2893515085772259,-0.11146777843019143,-0.17788373014703449,Oxidative
TCGA-BH-A0B3,0.7909836689018607,0.13872067497505763,0.652262993926803,Glycolytic
TCGA-BH-A0B5,-0.15899106480265207,-0.4708542653588152,0.3118632005561631,Glycolytic
TCGA-BH-A0B8,0.20511264397713688,-0.03932419827039861,0.24443684224753548,Glycolytic
TCGA-BH-A0B9,0.6591877899316398,0.4891693518856523,0.17001843804598754,Mixed
TCGA-BH-A0BA,-0.540049899921964,-0.06326535960630018,-0.47678454031566375,Oxidative
TCGA-BH-A0BC,0.20301904671842805,0.25262567852739104,-0.04960663180896299,Mixed
TCGA-BH-A0BF,0.06370473221520993,-0.4632484926261294,0.5269532248413393,Glycolytic
TCGA-BH-A0BJ,-0.2765203508652391,0.5200093816515002,-0.7965297325167393,Oxidative
TCGA-BH-A0BM,-0.2822542776368801,0.5245456209533299,-0.8067998985902101,Oxidative
TCGA-BH-A0BS,-0.09482504761027503,0.44174524144807936,-0.5365702890583544,Oxidative
TCGA-BH-A0BT,0.11113895596610236,0.21455041681121204,-0.10341146084510967,Mixed
TCGA-BH-A0BZ,0.0011634600718188565,0.29032296063904794,-0.2891595005672291,Oxidative
TCGA-BH-A0C0,0.3640867896205306,0.08308851799768266,0.28099827162284796,Glycolytic
TCGA-BH-A0C3,0.21064593390937356,-0.24827844157100004,0.45892437548037357,Glycolytic
TCGA-BH-A0DD,-0.2743100043830959,-0.5533866052922154,0.2790766009091195,Glycolytic
TCGA-BH-A0DG,-0.3085226084703447,-0.22622820128173793,-0.08229440718860676,Mixed
TCGA-BH-A0DH,-0.052889803991438035,0.2818964381560789,-0.33478624214751695,Oxidative
TCGA-BH-A0DI,-0.12295737842257491,-0.19782750151635092,0.07487012309377601,Mixed
TCGA-BH-A0DK,-0.09176660585606271,0.24339711542569797,-0.3351637212817607,Oxidative
TCGA-BH-A0DP,-0.25727919013354544,-0.29322601043040186,0.03594682029685642,Mixed
TCGA-BH-A0DQ,-0.01976344033785972,-0.08644103927694723,0.0666775989390875,Mixed
TCGA-BH-A0DS,0.16833739132803896,0.536256856671943,-0.3679194653439041,Oxidative
TCGA-BH-A0DV,-0.11509008065188364,-0.26881221135643985,0.1537221307045562,Mixed
TCGA-BH-A0E0,0.4491737881772032,1.0092572385942415,-0.5600834504170383,Oxidative
TCGA-BH-A0E1,-0.16018110158093213,0.26736969459245524,-0.42755079617338737,Oxidative
TCGA-BH-A0E2,0.12204118364712135,0.15748643302502408,-0.03544524937790272,Mixed
TCGA-BH-A0GY,0.29140470732530754,-0.31410382148558125,0.6055085288108888,Glycolytic
TCGA-BH-A0GZ,0.1406292721409378,0.8510667202987546,-0.7104374481578168,Oxidative
TCGA-BH-A0H0,-0.2104361489487605,-0.18654627940499866,-0.02388986954376185,Mixed
TCGA-BH-A0H3,-0.5117264408997351,-0.5954425929240561,0.08371615202432103,Mixed
TCGA-BH-A0H6,-0.48523670358792687,-0.06345283815018841,-0.42178386543773844,Oxidative
TCGA-BH-A0H7,0.20565977153607348,0.4692324197899639,-0.2635726482538904,Oxidative
TCGA-BH-A0H9,-0.05805587072396916,0.0652729112046389,-0.12332878192860806,Mixed
TCGA-BH-A0HA,-0.19412270933968256,0.5217607014311436,-0.7158834107708262,Oxidative
TCGA-BH-A0HB,0.37227592523425274,0.6915139670604546,-0.3192380418262019,Oxidative
TCGA-BH-A0HF,0.4981433112459911,0.33024396779864834,0.16789934344734275,Mixed
TCGA-BH-A0HI,-0.24401427092724132,0.12825999771475374,-0.3722742686419951,Oxidative
TCGA-BH-A0HK,-0.04461183434675492,0.23086122601654635,-0.27547306036330127,Oxidative
TCGA-BH-A0HN,-0.3566482940424995,0.463072898262431,-0.8197211923049305,Oxidative
TCGA-BH-A0HP,-0.26774509629247817,-0.1275610172300615,-0.14018407906241667,Mixed
TCGA-BH-A0HX,0.28439959501679496,0.260917998900611,0.023481596116183945,Mixed
TCGA-BH-A0HY,-0.25680582745881253,-0.004393897872367031,-0.2524119295864455,Oxidative
TCGA-BH-A0RX,0.2901302501210445,0.6446831485807408,-0.35455289845969634,Oxidative
TCGA-BH-A0W3,-0.4755227048548464,-0.35710679921248956,-0.11841590564235682,Mixed
TCGA-BH-A0W4,-0.2393299582588085,-0.5471180421057342,0.3077880838469257,Glycolytic
TCGA-BH-A0W5,-0.10246827471499306,-0.41162052716973535,0.3091522524547423,Glycolytic
TCGA-BH-A0WA,0.7045303046833529,-0.07616764026853211,0.7806979449518849,Glycolytic
TCGA-BH-A1EN,0.18968870912958338,1.065330519383396,-0.8756418102538126,Oxidative
TCGA-BH-A1EO,-0.441755369462752,-0.8596833400675898,0.41792797060483783,Glycolytic
TCGA-BH-A1ES,-0.4855120146242952,-0.5096625544809525,0.024150539856657327,Mixed
TCGA-BH-A1ET,-0.5961775161684493,-0.3697744811570435,-0.2264030350114058,Oxidative
TCGA-BH-A1EU,-0.5286418708800558,-0.8507898983323849,0.3221480274523292,Glycolytic
TCGA-BH-A1EV,0.6170623065028674,-0.5637156904933759,1.1807779969962433,Glycolytic
TCGA-BH-A1EW,-0.2667101525580337,-0.5795448730443851,0.31283472048635136,Glycolytic
TCGA-BH-A1EX,-0.3040968573834521,-0.43569433572247207,0.13159747833901997,Mixed
TCGA-BH-A1EY,-0.2689445036997298,0.030729538161983188,-0.299674041861713,Oxidative
TCGA-BH-A1F0,-0.16631432499499257,-0.2667965131781049,0.1004821881831123,Mixed
TCGA-BH-A1F2,-0.36386008435118483,-0.3202413161310609,-0.04361876822012395,Mixed
TCGA-BH-A1F5,-0.811191603509951,-0.5438266907698026,-0.2673649127401484,Oxidative
TCGA-BH-A1F6,0.2575522279826443,0.26074316185299706,-0.0031909338703527412,Mixed
TCGA-BH-A1F8,-0.38270458518153844,0.27748025356254635,-0.6601848387440847,Oxidative
TCGA-BH-A1FB,-0.38416524094419063,-0.7296107246716568,0.34544548372746614,Glycolytic
TCGA-BH-A1FC,0.012014718202549571,-0.07102681752090441,0.08304153572345398,Mixed
TCGA-BH-A1FD,0.4281187899877249,-0.19773862001868248,0.6258574100064074,Glycolytic
TCGA-BH-A1FE,-0.42085654975049375,-0.5781862053318233,0.15732965558132955,Mixed
TCGA-BH-A1FG,-0.24020042555689158,0.5138645199188493,-0.7540649454757409,Oxidative
TCGA-BH-A1FH,-0.6275604855158395,-0.7531775191494651,0.12561703363362553,Mixed
TCGA-BH-A1FJ,-0.45754458524577696,-0.22185801850965414,-0.23568656673612282,Oxidative
TCGA-BH-A1FL,-0.6039447960309369,-0.4013472430831947,-0.20259755294774218,Oxidative
TCGA-BH-A1FM,-0.1222122893466305,-0.02540535574356689,-0.09680693360306361,Mixed
TCGA-BH-A1FN,0.6183529944589238,-0.27153373026190103,0.8898867247208249,Glycolytic
TCGA-BH-A1FR,0.053411269303484034,0.012510107852242,0.040901161451242035,Mixed
TCGA-BH-A1FU,0.12386098812615162,-0.33602366819370677,0.4598846563198584,Glycolytic
TCGA-BH-A201,-0.2841848698319813,-0.47327522880061246,0.18909035896863113,Mixed
TCGA-BH-A202,0.293664372390399,-0.023419562760343186,0.3170839351507422,Glycolytic
TCGA-BH-A203,0.4265253310341925,0.30166871137239665,0.12485661966179584,Mixed
TCGA-BH-A204,-0.4259813527383174,-0.19572534880809747,-0.23025600393021992,Oxidative
TCGA-BH-A208,-0.26720653986400206,-0.11826335179294353,-0.14894318807105852,Mixed
TCGA-BH-A209,0.26058852349964845,0.16266788431835963,0.09792063918128882,Mixed
TCGA-BH-A28O,-0.36020178457660534,-0.7692341709918804,0.40903238641527506,Glycolytic
TCGA-BH-A28Q,-0.35743627130253136,-0.6364201771659126,0.27898390586338123,Glycolytic
TCGA-BH-A2L8,0.07846826483123429,0.1912694503092892,-0.11280118547805493,Mixed
TCGA-BH-A42T,0.14502248776640925,0.5536962741927031,-0.4086737864262938,Oxidative
TCGA-BH-A42U,-0.05427977973732933,0.06721301704283238,-0.1214927967801617,Mixed
TCGA-BH-A42V,-0.2379207314795222,-0.21262620386835282,-0.025294527611169376,Mixed
TCGA-BH-A5IZ,0.07148503722583875,-0.09118016191615896,0.16266519914199773,Mixed
TCGA-BH-A5J0,0.28355878652485866,0.8300937703093888,-0.5465349837845301,Oxidative
TCGA-BH-A6R8,-0.09585135596708118,0.5781251090418201,-0.6739764650089013,Oxidative
TCGA-BH-A6R9,-0.20784105131917935,-0.5253092598794485,0.3174682085602692,Glycolytic
TCGA-BH-A8FY,-0.0829667713602865,0.8072956510376039,-0.8902624223978904,Oxidative
TCGA-BH-A8FZ,0.258328199834168,-0.16144897812490067,0.41977717795906866,Glycolytic
TCGA-BH-A8G0,-0.09273971857736507,-0.4345383930676391,0.341798674490274,Glycolytic
TCGA-BH-AB28,-0.35991624950342777,-0.4441608202580475,0.08424457075461972,Mixed
TCGA-C8-A1HE,-0.5102835185481637,-0.275515320163689,-0.23476819838447466,Oxidative
TCGA-C8-A1HF,0.43765616795130463,0.6409212450767597,-0.2032650771254551,Oxidative
TCGA-C8-A1HG,0.17387930511726968,0.7560405623976665,-0.5821612572803968,Oxidative
TCGA-C8-A1HI,0.008381648300426642,0.8843255177919157,-0.8759438694914891,Oxidative
TCGA-C8-A1HJ,0.13096000398886412,0.7115683668299911,-0.580608362841127,Oxidative
TCGA-C8-A1HK,0.08246813728721639,0.18898830235045463,-0.10652016506323825,Mixed
TCGA-C8-A1HL,0.14130887819862833,0.6252965140547546,-0.48398763585612625,Oxidative
TCGA-C8-A1HM,0.5116283660909453,0.09312397217235749,0.41850439391858785,Glycolytic
TCGA-C8-A1HN,-0.010657807855617873,0.5404758711028393,-0.5511336789584572,Oxidative
TCGA-C8-A1HO,-0.2505098435799206,-0.2109271915621016,-0.03958265201781902,Mixed
TCGA-C8-A26V,0.19394047354342225,0.7267315997961284,-0.5327911262527062,Oxidative
TCGA-C8-A26W,-0.06519701874455071,0.17339390150812564,-0.23859092025267636,Oxidative
TCGA-C8-A26X,0.7109334873035213,0.984433435302542,-0.27349994799902067,Oxidative
TCGA-C8-A26Y,0.856584545975398,0.4505007135403208,0.40608383243507723,Glycolytic
TCGA-C8-A26Z,-0.11101051926760454,0.112197976908385,-0.22320849617598953,Oxidative
TCGA-C8-A273,-0.020927472738238886,0.33115771065327193,-0.3520851833915108,Oxidative
TCGA-C8-A274,-0.33848417735642977,-0.1136977694092732,-0.22478640794715657,Oxidative
TCGA-C8-A275,0.20902838013870853,0.32269936469379784,-0.11367098455508931,Mixed
TCGA-C8-A278,0.18354355935377797,0.10932368811603049,0.07421987123774748,Mixed
TCGA-C8-A27A,0.3319823108131634,-0.41363207830916116,0.7456143891223246,Glycolytic
TCGA-C8-A27B,-0.13844883179039066,-0.5769432259973785,0.43849439420698777,Glycolytic
TCGA-C8-A3M7,-0.4967494189071507,0.16029953382314183,-0.6570489527302925,Oxidative
TCGA-C8-A3M8,-0.17360472949911596,-0.019583827061353292,-0.15402090243776267,Mixed
TCGA-C8-A8HP,0.50246630697233,0.26497437225794634,0.23749193471438362,Glycolytic
TCGA-C8-A8HQ,0.0006739913437564951,0.13042790298816284,-0.12975391164440633,Mixed
TCGA-C8-A8HR,-0.16567925667745767,-0.35474721195498404,0.18906795527752637,Mixed
TCGA-D8-A1J8,-0.03994810725053627,-0.11898832125153895,0.07904021400100268,Mixed
TCGA-D8-A1J9,0.1748654176016483,-0.17401263895265778,0.3488780565543061,Glycolytic
TCGA-D8-A1JA,0.23246526508614884,-0.44504151557796234,0.6775067806641112,Glycolytic
TCGA-D8-A1JB,-0.613397789818292,-0.1939997932470472,-0.41939799657124477,Oxidative
TCGA-D8-A1JC,-0.09825148879276997,-0.31521589451554943,0.21696440572277947,Glycolytic
TCGA-D8-A1JD,0.003719319390659879,-0.36457523464792946,0.36829455403858935,Glycolytic
TCGA-D8-A1JE,-0.4727686998265901,-0.20393717582129467,-0.2688315240052954,Oxidative
TCGA-D8-A1JF,-0.4428665098378665,0.0993116004474231,-0.5421781102852896,Oxidative
TCGA-D8-A1JG,0.04539276545149157,-0.22319951594285667,0.2685922813943482,Glycolytic
TCGA-D8-A1JH,-0.3525147020988406,-0.731835004545873,0.3793203024470324,Glycolytic
TCGA-D8-A1JI,-0.4657628340233314,0.4310833804604199,-0.8968462144837512,Oxidative
TCGA-D8-A1JJ,0.5951982944952503,-0.09734886112157774,0.692547155616828,Glycolytic
TCGA-D8-A1JK,0.9843723985245341,0.5551225684481775,0.42924983007635653,Glycolytic
TCGA-D8-A1JL,0.11603301081615376,-0.42943510249659705,0.5454681133127508,Glycolytic
TCGA-D8-A1JM,0.3464865178331398,0.5388890388413816,-0.19240252100824184,Oxidative
TCGA-D8-A1JN,-0.49563689287182366,0.44095607934351555,-0.9365929722153392,Oxidative
TCGA-D8-A1JP,-0.29900109192507224,0.21749598165657458,-0.5164970735816468,Oxidative
TCGA-D8-A1JS,-0.0037913405832181103,1.4427636817206106,-1.4465550223038288,Oxidative
TCGA-D8-A1JT,-0.4987988302821563,-0.020501235900302776,-0.47829759438185354,Oxidative
TCGA-D8-A1JU,-0.30144716006620165,-0.25698216918022637,-0.044464990885975275,Mixed
TCGA-D8-A1X5,0.21414938536736478,-0.3464771084948209,0.5606264938621857,Glycolytic
TCGA-D8-A1X6,-0.044683594413693205,0.49910894294799557,-0.5437925373616888,Oxidative
TCGA-D8-A1X7,-0.49734773609875543,-0.45273647041430704,-0.0446112656844484,Mixed
TCGA-D8-A1X8,-0.33239783090551545,-0.31801004958770873,-0.014387781317806714,Mixed
TCGA-D8-A1X9,-0.2200040547076105,-0.06881215832056242,-0.15119189638704808,Mixed
TCGA-D8-A1XA,-0.08970513588805014,-0.3357583784099554,0.2460532425219053,Glycolytic
TCGA-D8-A1XB,-0.29351192153203576,-0.7821953340429427,0.48868341251090697,Glycolytic
TCGA-D8-A1XC,0.051798317452674075,-0.8583690386341954,0.9101673560868695,Glycolytic
TCGA-D8-A1XD,-0.018442585088944335,-0.9328245216654277,0.9143819365764834,Glycolytic
TCGA-D8-A1XG,-0.15318158350762318,-0.7657689420725549,0.6125873585649317,Glycolytic
TCGA-D8-A1XJ,0.954017989878206,0.17274947494891507,0.7812685149292908,Glycolytic
TCGA-D8-A1XK,0.33136939939027144,-0.27479459940185536,0.6061639987921268,Glycolytic
TCGA-D8-A1XL,0.4338796157486583,0.43297292913537394,0.0009066866132843576,Mixed
TCGA-D8-A1XM,-0.2249696094651669,-0.607904638669899,0.3829350292047321,Glycolytic
TCGA-D8-A1XO,-0.43548642198975784,-0.6776178350600699,0.24213141307031205,Glycolytic
TCGA-D8-A1XQ,0.3881314785192325,-0.11751090153751285,0.5056423800567453,Glycolytic
TCGA-D8-A1XR,-0.5798296426720938,-0.3627320374990151,-0.2170976051730787,Oxidative
TCGA-D8-A1XS,-0.21536421599885272,-0.41667758259222343,0.2013133665933707,Glycolytic
TCGA-D8-A1XT,0.21810223723865493,-0.5341875306027816,0.7522897678414365,Glycolytic
TCGA-D8-A1XU,-0.08111626752865772,0.3491685214210041,-0.4302847889496618,Oxidative
TCGA-D8-A1XV,-0.2438745328912828,-0.03104318290400459,-0.2128313499872782,Oxidative
TCGA-D8-A1XW,-0.3852527416647884,-0.17079034109715874,-0.21446240056762966,Oxidative
TCGA-D8-A1XY,-0.34129097025283917,-0.42248068319417514,0.08118971294133598,Mixed
TCGA-D8-A1XZ,0.3448945145425014,-0.1564968408943975,0.5013913554368989,Glycolytic
TCGA-D8-A1Y0,-0.39625800019655666,-0.53612324433245,0.1398652441358933,Mixed
TCGA-D8-A1Y1,-0.05027213430059326,-0.06701483836149398,0.01674270406090072,Mixed
TCGA-D8-A1Y2,0.4580825572046986,0.44267620405227787,0.015406353152420726,Mixed
TCGA-D8-A1Y3,0.2799449341052982,1.469044838720243,-1.1890999046149449,Oxidative
TCGA-D8-A27E,0.044839463848809644,0.29572929699080375,-0.2508898331419941,Oxidative
TCGA-D8-A27F,0.2392248506576977,-0.23416865753006857,0.47339350818776627,Glycolytic
TCGA-D8-A27G,0.13289532118941422,0.23224837103406462,-0.0993530498446504,Mixed
TCGA-D8-A27H,-0.08262234203824737,-0.5676389053282916,0.4850165632900443,Glycolytic
TCGA-D8-A27I,-0.17505576545974716,-0.38936725549836854,0.21431149003862138,Glycolytic
TCGA-D8-A27K,-0.5861047642947745,-1.0079036891736857,0.42179892487891113,Glycolytic
TCGA-D8-A27L,-0.36186985730568955,-0.7859156060551395,0.42404574874945,Glycolytic
TCGA-D8-A27M,0.17564844513911446,-0.6183906297768871,0.7940390749160016,Glycolytic
TCGA-D8-A27N,0.2687900467163292,0.4134297247717621,-0.14463967805543287,Mixed
TCGA-D8-A27P,-0.24546366496956656,-0.3650876516661566,0.11962398669659002,Mixed
TCGA-D8-A27R,0.3246746621236726,0.6387628744805676,-0.314088212356895,Oxidative
TCGA-D8-A27T,-0.17797529066275763,-0.2944394538096093,0.11646416314685165,Mixed
TCGA-D8-A27V,-0.45828595126135524,-0.09960888305249213,-0.35867706820886314,Oxidative
TCGA-D8-A27W,0.4082270921831267,0.37823217452092156,0.029994917662205134,Mixed
TCGA-D8-A3Z5,-0.4574345694311295,-0.4894243301837429,0.031989760752613394,Mixed
TCGA-D8-A3Z6,-0.1476743471177376,0.13210498609884125,-0.2797793332165789,Oxidative
TCGA-D8-A4Z1,-0.4610805422818545,-0.7377179098188676,0.2766373675370131,Glycolytic
TCGA-D8-A73U,-0.05066647659708883,-0.47771846112851973,0.4270519845314309,Glycolytic
TCGA-D8-A73W,-0.10608692790367365,-0.43250941171771307,0.32642248381403943,Glycolytic
TCGA-D8-A73X,-0.43437692617041956,-0.4763688334121391,0.04199190724171953,Mixed
TCGA-E2-A105,-0.02866138145630913,0.06860556130986122,-0.09726694276617034,Mixed
TCGA-E2-A106,0.16463363148489463,0.20696728134865724,-0.04233364986376262,Mixed
TCGA-E2-A107,-0.19641847629422854,0.6628740857828809,-0.8592925620771095,Oxidative
TCGA-E2-A108,0.005174092504961595,-0.2808172871420042,0.2859913796469658,Glycolytic
TCGA-E2-A109,0.31639158096218206,-0.15984284936192372,0.4762344303241058,Glycolytic
TCGA-E2-A10B,-0.07889170812218159,-0.03692386704705451,-0.04196784107512708,Mixed
TCGA-E2-A10C,-0.016223063957411465,0.7604815882469197,-0.7767046522043312,Oxidative
TCGA-E2-A10E,-0.22973455876172477,-0.12378194594963327,-0.1059526128120915,Mixed
TCGA-E2-A10F,-0.12817365638268924,-0.513880196413663,0.38570654003097377,Glycolytic
TCGA-E2-A14N,0.6111510464526191,0.5076425273062682,0.10350851914635084,Mixed
TCGA-E2-A14U,-0.20308441815631575,-0.42875704249305735,0.2256726243367416,Glycolytic
TCGA-E2-A15I,-0.7894455854182013,-0.876897798750329,0.08745221333212772,Mixed
TCGA-E2-A15J,-0.18092613345096337,-0.07131416168503747,-0.1096119717659259,Mixed
TCGA-E2-A15K,-0.04518258581556945,-0.06846669374616071,0.023284107930591262,Mixed
TCGA-E2-A1AZ,-0.02300202344129786,-0.9485297939247359,0.925527770483438,Glycolytic
TCGA-E2-A1B0,0.48334329691391,-0.08132860210679212,0.5646718990207021,Glycolytic
TCGA-E2-A1B1,-0.3037234791495824,-0.8296123461992088,0.5258888670496263,Glycolytic
TCGA-E2-A1B4,-0.3900408578008374,0.45213674298918893,-0.8421776007900263,Oxidative
TCGA-E2-A1B5,0.08771787085280366,0.6389640916055562,-0.5512462207527525,Oxidative
TCGA-E2-A1B6,0.2879502453111162,1.1897537445852884,-0.9018034992741721,Oxidative
TCGA-E2-A1BC,-0.32543555403231017,-0.5338592282565352,0.20842367422422503,Glycolytic
TCGA-E2-A1BD,-0.22769005669798129,0.08404567761187791,-0.3117357343098592,Oxidative
TCGA-E2-A1IE,-0.3354427988274538,-0.12404131180933918,-0.21140148701811462,Oxidative
TCGA-E2-A1IF,0.060082884789153246,0.3209493102834412,-0.26086642549428796,Oxidative
TCGA-E2-A1IG,-0.18415429358599714,-0.43704781210783866,0.2528935185218415,Glycolytic
TCGA-E2-A1IH,-0.22554341758521912,0.37687202926078334,-0.6024154468460025,Oxidative
TCGA-E2-A1II,0.22361946220821266,0.2483862328566153,-0.02476677064840263,Mixed
TCGA-E2-A1IJ,-0.2765669408019985,-0.5566480404279056,0.2800810996259071,Glycolytic
TCGA-E2-A1IK,0.25079415142821915,0.528343177658349,-0.2775490262301299,Oxidative
TCGA-E2-A1IL,-0.31721511494067267,-0.598898117971882,0.2816830030312093,Glycolytic
TCGA-E2-A1IN,-0.21509647086331907,0.20175884999380733,-0.4168553208571264,Oxidative
TCGA-E2-A1IO,-0.5166182352588806,-0.9713804576452136,0.454762222386333,Glycolytic
TCGA-E2-A1IU,-0.2981704480879534,-0.16828450571304354,-0.12988594237490986,Mixed
TCGA-E2-A1L6,-0.3118143304345522,-0.17184902937451493,-0.13996530106003727,Mixed
TCGA-E2-A1L7,-0.0459174486285613,-0.3920380295452431,0.3461205809166818,Glycolytic
TCGA-E2-A1L8,-0.33367744240750313,0.10321196342921658,-0.4368894058367197,Oxidative
TCGA-E2-A1L9,-0.26438043286793755,-0.0252283693699123,-0.23915206349802526,Oxidative
TCGA-E2-A1LA,-0.04299953734391233,0.4204844700841608,-0.4634840074280731,Oxidative
TCGA-E2-A1LB,-0.1844423389598441,0.37800412401305744,-0.5624464629729016,Oxidative
TCGA-E2-A1LE,-0.16112125839427585,0.4140746740964043,-0.5751959324906801,Oxidative
TCGA-E2-A1LG,0.230242599290736,1.5207230518209298,-1.2904804525301938,Oxidative
TCGA-E2-A1LH,0.17560843941298115,0.6465725719598575,-0.47096413254687636,Oxidative
TCGA-E2-A1LI,-0.25233903124567236,0.01646976813402671,-0.2688087993796991,Oxidative
TCGA-E2-A1LK,0.4000017176826644,0.12467837604983183,0.27532334163283256,Glycolytic
TCGA-E2-A1LL,0.7279194303825126,-0.04916475636516853,0.7770841867476811,Glycolytic
TCGA-E2-A1LS,-0.7108279673520641,0.6590772455020872,-1.3699052128541513,Oxidative
TCGA-E2-A2P5,-0.024435973236921624,0.5114602042000407,-0.5358961774369623,Oxidative
TCGA-E2-A2P6,-0.18772133407599167,0.13319885718672622,-0.32092019126271787,Oxidative
TCGA-E2-A3DX,-0.3975021745868174,-0.7813688715039011,0.3838666969170837,Glycolytic
TCGA-E2-A56Z,-0.10947860332842697,0.2802315948223254,-0.38971019815075236,Oxidative
TCGA-E2-A570,-0.16067726798302903,0.16425025744123145,-0.3249275254242605,Oxidative
TCGA-E2-A572,0.27423709335207136,1.7587675201044741,-1.4845304267524027,Oxidative
TCGA-E2-A573,0.4593144420618199,0.23592734741983845,0.22338709464198148,Glycolytic
TCGA-E2-A574,0.8358710721184042,1.3769905160898928,-0.5411194439714886,Oxidative
TCGA-E2-A576,0.1269483479968418,0.7675563229486279,-0.6406079749517861,Oxidative
TCGA-E2-A9RU,1.089723699544111,1.682920832806174,-0.5931971332620629,Oxidative
TCGA-E9-A1N3,0.3565831373250826,-0.09851884284168157,0.4551019801667642,Glycolytic
TCGA-E9-A1N4,0.2215268389643496,0.4184705057610302,-0.19694366679668057,Oxidative
TCGA-E9-A1N5,-0.043911482372728815,-0.717436421356727,0.6735249389839982,Glycolytic
TCGA-E9-A1N6,0.1779205971885233,-0.06163013594494372,0.23955073313346703,Glycolytic
TCGA-E9-A1N8,0.35073334048090443,-0.7440999204878237,1.0948332609687281,Glycolytic
TCGA-E9-A1N9,-0.19850923194561865,-0.27659538312297643,0.07808615117735779,Mixed
TCGA-E9-A1NA,0.011770163154261793,-0.11767162847276233,0.12944179162702413,Mixed
TCGA-E9-A1NC,0.9424183231922569,0.8311694905969448,0.11124883259531215,Mixed
TCGA-E9-A1ND,0.5137064777030753,-0.38271960218485346,0.8964260798879288,Glycolytic
TCGA-E9-A1NE,-0.4703755735429269,-0.5431985786414775,0.07282300509855055,Mixed
TCGA-E9-A1NF,0.33263028144567625,0.44606847387498033,-0.11343819242930409,Mixed
TCGA-E9-A1NG,0.36253587149655925,-0.5093750938762301,0.8719109653727894,Glycolytic
TCGA-E9-A1NH,-0.3248003019592687,-0.4310059475837896,0.1062056456245209,Mixed
TCGA-E9-A1NI,0.34961417719663385,0.5581189700716029,-0.2085047928749691,Oxidative
TCGA-E9-A1QZ,0.026725820790264178,0.09104639930174871,-0.06432057851148454,Mixed
TCGA-E9-A1R0,-0.1125203691527727,0.16884391057162834,-0.28136427972440103,Oxidative
TCGA-E9-A1R2,-0.28413040303521014,-0.2577483534849489,-0.026382049550261244,Mixed
TCGA-E9-A1R3,-0.2114045090028919,-0.1866107526090272,-0.02479375639386469,Mixed
TCGA-E9-A1R4,0.1693805151782011,-0.48321527774273043,0.6525957929209315,Glycolytic
TCGA-E9-A1R5,-0.2755910691550177,-0.139737855979204,-0.1358532131758137,Mixed
TCGA-E9-A1R6,0.4022493627345841,0.01873173946364579,0.3835176232709383,Glycolytic
TCGA-E9-A1R7,-0.6647861964279178,-0.5491734891325373,-0.11561270729538053,Mixed
TCGA-E9-A1RA,-0.12768231296371826,-0.16136219980157115,0.03367988683785289,Mixed
TCGA-E9-A1RB,0.5288171624399467,0.29714248681637123,0.23167467562357547,Glycolytic
TCGA-E9-A1RC,0.42528445496746436,-0.3815037327497135,0.8067881877171779,Glycolytic
TCGA-E9-A1RD,-0.39959841795097606,0.011476999561042516,-0.4110754175120186,Oxidative
TCGA-E9-A1RE,-0.15913875398434488,-0.2122059825266766,0.05306722854233173,Mixed
TCGA-E9-A1RF,0.4964484115975175,0.284267658537892,0.21218075305962553,Glycolytic
TCGA-E9-A1RG,0.6192403371035728,0.9473200243271797,-0.3280796872236068,Oxidative
TCGA-E9-A1RH,0.4440212907843826,-0.2575918926866058,0.7016131834709884,Glycolytic
TCGA-E9-A1RI,-0.39481377574024834,-0.45019078643548666,0.055377010695238316,Mixed
TCGA-E9-A226,-0.5020646442883778,-1.4618744999185493,0.9598098556301715,Glycolytic
TCGA-E9-A227,0.09219798373144956,0.4375296348734577,-0.34533165114200814,Oxidative
TCGA-E9-A228,0.10971121625889965,0.09104808436525266,0.01866313189364699,Mixed
TCGA-E9-A229,-0.46959126483231667,-0.6911951019032271,0.22160383707091041,Glycolytic
TCGA-E9-A22A,0.29683688939086844,0.46658406724550944,-0.169747177854641,Oxidative
TCGA-E9-A22B,0.4010785820705348,0.6830717462716788,-0.28199316420114395,Oxidative
TCGA-E9-A22D,0.23043926220548658,0.5411893187697024,-0.31075005656421584,Oxidative
TCGA-E9-A22E,0.24215325719218198,0.45327586032378286,-0.2111226031316009,Oxidative
TCGA-E9-A22G,0.10984274080742658,0.45653025455931234,-0.3466875137518858,Oxidative
TCGA-E9-A22H,-0.3745738406674301,-0.06346387572166472,-0.31110996494576537,Oxidative
TCGA-E9-A243,-0.22942643697523846,-0.0062309235211502525,-0.2231955134540882,Oxidative
TCGA-E9-A244,0.5118673975445848,0.38742439500849435,0.12444300253609042,Mixed
TCGA-E9-A245,0.3514492904256968,0.5749781597850266,-0.22352886935932986,Oxidative
TCGA-E9-A247,-0.21489397001164634,0.06888547694048115,-0.2837794469521275,Oxidative
TCGA-E9-A248,-0.10432905769005262,-0.3228331527411364,0.21850409505108376,Glycolytic
TCGA-E9-A249,-0.39606006354545165,-0.24159416867994407,-0.15446589486550757,Mixed
TCGA-E9-A24A,-0.5157318298129203,-0.5369820739172073,0.021250244104286997,Mixed
TCGA-E9-A295,0.015856366015160422,0.3529665654942494,-0.33711019947908893,Oxidative
TCGA-E9-A2JS,0.24346134394923102,0.2583004012842375,-0.014839057335006456,Mixed
TCGA-E9-A2JT,-0.25213794985426335,-0.5688972169608526,0.31675926710658925,Glycolytic
TCGA-E9-A3HO,-0.08181265392520459,0.3618220351264785,-0.4436346890516831,Oxidative
TCGA-E9-A3Q9,-0.283300017303693,0.021516095647087403,-0.30481611295078037,Oxidative
TCGA-E9-A3QA,0.33434455128858537,-0.5590327804197288,0.8933773317083142,Glycolytic
TCGA-E9-A3X8,0.2248723476522622,1.1856325385550244,-0.9607601909027622,Oxidative
TCGA-E9-A54X,0.9482244613277889,0.20031305153251394,0.747911409795275,Glycolytic
TCGA-E9-A54Y,-0.34779262009140266,1.1081930020632198,-1.4559856221546226,Oxidative
TCGA-E9-A5FK,0.07889289594743774,0.7140532009410634,-0.6351603049936256,Oxidative
TCGA-E9-A5FL,1.1402798403064747,1.4634106015993076,-0.3231307612928329,Oxidative
TCGA-E9-A5UO,-0.5176994392105719,-0.024961562723017652,-0.4927378764875543,Oxidative
TCGA-E9-A5UP,-0.2950258682299761,-0.36288235023286247,0.06785648200288635,Mixed
TCGA-E9-A6HE,0.31210347336610145,0.7774377541595736,-0.46533428079347217,Oxidative
TCGA-EW-A1IW,-0.2170422854398592,0.08255415036489934,-0.29959643580475853,Oxidative
TCGA-EW-A1IX,-0.39696629669710787,-0.8881639590769316,0.4911976623798237,Glycolytic
TCGA-EW-A1IY,-0.8352867979735727,-0.19052640434911416,-0.6447603936244586,Oxidative
TCGA-EW-A1IZ,-0.05005854324022967,0.5077461431872214,-0.5578046864274511,Oxidative
TCGA-EW-A1J1,-0.13349100315280374,-0.44595036464305926,0.31245936149025555,Glycolytic
TCGA-EW-A1J2,-0.42489147252932247,-0.8511290115259653,0.42623753899664285,Glycolytic
TCGA-EW-A1J3,-0.2872803183315777,-0.1481239511958839,-0.1391563671356938,Mixed
TCGA-EW-A1J5,-0.2994849097733437,-0.628300655042769,0.3288157452694253,Glycolytic
TCGA-EW-A1J6,-0.4398190053520178,0.9488779567511877,-1.3886969621032055,Oxidative
TCGA-EW-A1OV,-0.12230771343711204,0.011705698640371104,-0.13401341207748313,Mixed
TCGA-EW-A1OW,0.09857650624464508,-0.4146366193074885,0.5132131255521336,Glycolytic
TCGA-EW-A1OX,0.02304202685783734,-0.2545502074398217,0.27759223429765906,Glycolytic
TCGA-EW-A1OY,0.5557966241264296,0.3943343067240624,0.16146231740236722,Mixed
TCGA-EW-A1OZ,0.3534219583845988,0.3873061290531162,-0.0338841706685174,Mixed
TCGA-EW-A1P0,-0.0792803675120623,-0.009229653400524779,-0.07005071411153752,Mixed
TCGA-EW-A1P1,-0.15922906852370233,-0.44424694201780224,0.2850178734940999,Glycolytic
TCGA-EW-A1P3,0.06490244513588539,0.31635173668244027,-0.2514492915465549,Oxidative
TCGA-EW-A1P4,0.871559458783444,0.7308949975207621,0.14066446126268184,Mixed
TCGA-EW-A1P5,-0.058792935124844466,0.15235159626768152,-0.21114453139252598,Oxidative
TCGA-EW-A1P6,-0.20876506588661073,-0.22514211580586038,0.016377049919249653,Mixed
TCGA-EW-A1P7,-0.10097216695056345,-0.6044104148773684,0.5034382479268049,Glycolytic
TCGA-EW-A1P8,0.6252826181053512,-0.37777745978161603,1.0030600778869672,Glycolytic
TCGA-EW-A1PA,-0.4501779943013819,-0.3647230543330136,-0.08545493996836828,Mixed
TCGA-EW-A1PB,0.5738296833715087,0.3222222764678525,0.25160740690365624,Glycolytic
TCGA-EW-A1PC,0.1295512893788422,0.42432325599966697,-0.2947719666208248,Oxidative
TCGA-EW-A1PD,-0.4999366936746152,-0.40638066432895276,-0.09355602934566243,Mixed
TCGA-EW-A1PE,-0.26811321681831,-0.46744764191670957,0.19933442509839955,Glycolytic
TCGA-EW-A1PF,-0.13845042198030508,-0.2154842527814381,0.07703383080113302,Mixed
TCGA-EW-A1PG,-0.21068989957559875,-0.505274101033293,0.2945842014576942,Glycolytic
TCGA-EW-A1PH,0.22269832123187838,-0.002554384477820511,0.22525270570969888,Glycolytic
TCGA-EW-A2FR,0.19040536679164125,-0.007308897568885847,0.19771426436052708,Glycolytic
TCGA-EW-A2FS,-0.2793213585422265,0.6052172379841466,-0.8845385965263731,Oxidative
TCGA-EW-A2FV,-0.08930638962630792,0.22772677269320657,-0.3170331623195145,Oxidative
TCGA-EW-A2FW,-0.012172667271381265,0.5817427836586779,-0.5939154509300592,Oxidative
TCGA-EW-A3E8,0.022813729814819356,-0.1605851204836785,0.18339885029849787,Mixed
TCGA-EW-A3U0,-0.13695273652500786,-0.4652592183673975,0.32830648184238964,Glycolytic
TCGA-EW-A423,-0.04318379621554743,0.5642838709994431,-0.6074676672149906,Oxidative
TCGA-EW-A424,-0.13388493982493466,0.1628035040889355,-0.29668844391387017,Oxidative
TCGA-EW-A6S9,0.4134134558179067,-0.024926432810001654,0.4383398886279084,Glycolytic
TCGA-EW-A6SA,-0.0214306001758654,0.16998553949102502,-0.19141613966689042,Oxidative
TCGA-EW-A6SB,0.17953363379854412,0.7522955278386756,-0.5727618940401314,Oxidative
TCGA-EW-A6SC,-0.05415394860167364,-0.27626839855544266,0.22211444995376903,Glycolytic
TCGA-EW-A6SD,0.4908542888391414,0.043216205638201007,0.4476380832009404,Glycolytic
TCGA-GI-A2C8,-0.26218661000471144,-0.05844954957046583,-0.2037370604342456,Oxidative
TCGA-GI-A2C9,0.2466137816702498,0.07875018233001907,0.16786359934023073,Mixed
TCGA-GM-A2D9,0.023809217652498015,0.6834267843474665,-0.6596175666949685,Oxidative
TCGA-GM-A2DA,-0.059744141898490505,0.0689993226090634,-0.12874346450755392,Mixed
TCGA-GM-A2DB,1.149907515042481,0.9314712036165166,0.2184363114259643,Glycolytic
TCGA-GM-A2DC,-0.09155432922923344,0.5296631050016296,-0.6212174342308631,Oxidative
TCGA-GM-A2DD,0.641117293756543,0.6855738817539443,-0.044456587997401265,Mixed
TCGA-GM-A2DF,0.2949354207359877,0.2064608116148221,0.08847460912116561,Mixed
TCGA-GM-A2DH,0.22065653113491496,-0.39643346802955803,0.6170899991644729,Glycolytic
TCGA-GM-A2DI,-0.09908213370860101,-0.7882056342710615,0.6891235005624605,Glycolytic
TCGA-GM-A2DK,0.08558588496094387,0.6533124244300984,-0.5677265394691545,Oxidative
TCGA-GM-A2DL,0.11306745441725713,0.18472296330819896,-0.07165550889094183,Mixed
TCGA-GM-A2DM,0.3814265816765964,-0.40874148911804575,0.7901680707946421,Glycolytic
TCGA-GM-A2DN,-0.08520224315317823,-0.05191418298179688,-0.03328806017138135,Mixed
TCGA-GM-A2DO,-0.21360878296552835,0.04520788059948298,-0.2588166635650113,Oxidative
TCGA-GM-A3NW,-0.21396789219969362,0.3455515976411942,-0.5595194898408878,Oxidative
TCGA-GM-A3NY,-0.44109799251916787,0.5359009780526278,-0.9769989705717956,Oxidative
TCGA-GM-A3XG,0.10629618265710851,0.47490102013842067,-0.3686048374813122,Oxidative
TCGA-GM-A3XL,1.0429939554297725,1.1160291059938259,-0.07303515056405341,Mixed
TCGA-GM-A3XN,0.011047593141599784,-0.15186484146349968,0.16291243460509947,Mixed
TCGA-GM-A4E0,-0.2384498948985696,-0.386045278655346,0.1475953837567764,Mixed
TCGA-GM-A5PV,-0.2652346332658792,0.7364474309983696,-1.0016820642642488,Oxidative
TCGA-GM-A5PX,-0.20401147665370448,0.31445104803000595,-0.5184625246837105,Oxidative
TCGA-HN-A2NL,0.2517471131613388,0.35139261137672917,-0.09964549821539037,Mixed
TCGA-HN-A2OB,-0.4119216766744032,-0.7336287998399884,0.3217071231655852,Glycolytic
TCGA-LD-A66U,0.045382289655633984,0.40062558718587293,-0.355243297530239,Oxidative
TCGA-LD-A74U,0.061047656063097255,-0.03743624186397172,0.09848389792706898,Mixed
TCGA-LD-A7W5,0.2248902923505561,-0.2711897307436102,0.4960800230941663,Glycolytic
TCGA-LD-A7W6,-0.3381396591985337,-0.5778369863939159,0.23969732719538217,Glycolytic
TCGA-LD-A9QF,0.5859088785374967,-0.0032013018573981483,0.5891101803948949,Glycolytic
TCGA-LL-A440,-0.18639260154918222,-0.8928206631421705,0.7064280615929882,Glycolytic
TCGA-LL-A441,-0.2494869165650384,-0.402744365073099,0.1532574485080606,Mixed
TCGA-LL-A442,-0.20542518496603815,-0.3272658519812832,0.12184066701524507,Mixed
TCGA-LL-A50Y,-0.0967078661860534,0.6585116604110071,-0.7552195265970605,Oxidative
TCGA-LL-A5YL,-0.057229916307576845,0.8572959551594962,-0.914525871467073,Oxidative
TCGA-LL-A5YM,0.31915582650318836,1.8603444384268157,-1.5411886119236273,Oxidative
TCGA-LL-A5YN,0.015026394437898069,0.5060226245613719,-0.4909962301234739,Oxidative
TCGA-LL-A5YO,0.28510465232356724,0.9543872490360412,-0.669282596712474,Oxidative
TCGA-LL-A5YP,0.2210222685574761,-0.1451592768316117,0.36618154538908776,Glycolytic
TCGA-LL-A6FP,-0.4942262091498802,0.9846824313782113,-1.4789086405280916,Oxidative
TCGA-LL-A6FQ,0.4196701158023144,1.4216218979688886,-1.0019517821665742,Oxidative
TCGA-LL-A6FR,0.9098578350807839,1.3686416583684398,-0.4587838232876559,Oxidative
TCGA-LL-A73Y,0.023684720965427866,0.505241558138127,-0.48155683717269915,Oxidative
TCGA-LL-A73Z,0.2827412691691612,0.6824471872752428,-0.3997059181060816,Oxidative
TCGA-LL-A740,-0.06260941278302129,0.21119412449373154,-0.27380353727675283,Oxidative
TCGA-LL-A7SZ,0.6773467458107677,1.3229911974819244,-0.6456444516711567,Oxidative
TCGA-LL-A7T0,0.2087902726105442,0.12882310534049407,0.07996716727005013,Mixed
TCGA-LL-A8F5,1.0364048559295111,1.2098582880461528,-0.17345343211664166,Oxidative
TCGA-LL-A9Q3,0.09898775861615144,1.345575384815799,-1.2465876261996476,Oxidative
TCGA-LQ-A4E4,-0.4300825570074941,-0.24765048229219772,-0.18243207471529638,Oxidative
TCGA-MS-A51U,0.05930804680152805,-0.20767128242311778,0.26697932922464584,Glycolytic
TCGA-OK-A5Q2,-0.07622495221788639,-0.20821285319859448,0.1319879009807081,Mixed
TCGA-OL-A5D6,-0.09872218933604429,0.6092968664209896,-0.7080190557570338,Oxidative
TCGA-OL-A5D7,0.5213294643776304,0.08276286667812652,0.4385665976995039,Glycolytic
TCGA-OL-A5D8,-0.03526173140595987,0.1220900573968927,-0.15735178880285255,Mixed
TCGA-OL-A5DA,-0.4053512944707021,-0.3457253998698773,-0.05962589460082479,Mixed
TCGA-OL-A5RU,-0.024525332418256964,0.09175156646718804,-0.11627689888544501,Mixed
TCGA-OL-A5RV,-0.22484853595908735,-0.5793052535516791,0.3544567175925917,Glycolytic
TCGA-OL-A5RW,0.7914235724609032,1.5616981838513158,-0.7702746113904125,Oxidative
TCGA-OL-A5RX,-0.3168584642217469,-0.23727286246968626,-0.07958560175206064,Mixed
TCGA-OL-A5RY,0.25358399134263554,0.02035615461852317,0.23322783672411238,Glycolytic
TCGA-OL-A5RZ,-0.3010849087888841,0.6562476191392042,-0.9573325279280882,Oxidative
TCGA-OL-A5S0,0.719381792939303,0.9409336881141591,-0.22155189517485607,Oxidative
TCGA-OL-A66H,0.1549988343328029,0.24474443422064568,-0.08974559988784278,Mixed
TCGA-OL-A66I,0.07090926229444046,-0.11191252308849295,0.18282178538293342,Mixed
TCGA-OL-A66J,-0.11847155796891595,-0.07040979158704419,-0.04806176638187176,Mixed
TCGA-OL-A66K,-0.3487041541961159,-0.34084633655247726,-0.007857817643638632,Mixed
TCGA-OL-A66L,0.34238305131644203,1.002267191204634,-0.6598841398881918,Oxidative
TCGA-OL-A66N,0.08095198503767133,0.6864753682686903,-0.605523383231019,Oxidative
TCGA-OL-A66O,0.08003543524516521,0.7879265061913702,-0.707891070946205,Oxidative
TCGA-OL-A66P,0.5880121333383486,1.2941851358936463,-0.7061730025552977,Oxidative
TCGA-OL-A6VO,0.2449755440981272,0.3678121694529578,-0.12283662535483061,Mixed
TCGA-OL-A6VQ,-0.4089381864933883,-0.6551098065555075,0.24617162006211923,Glycolytic
TCGA-OL-A6VR,0.057212051908097396,0.02713146547258073,0.030080586435516667,Mixed
TCGA-OL-A97C,0.6937691109714063,-0.1900073496425502,0.8837764606139564,Glycolytic
TCGA-PE-A5DC,-0.11284809104830021,0.1655917164431293,-0.2784398074914295,Oxidative
TCGA-PE-A5DD,-0.0885082761783243,-0.10056631561145743,0.012058039433133133,Mixed
TCGA-PE-A5DE,-0.18103101802560723,-0.08394914394688704,-0.09708187407872018,Mixed
TCGA-PL-A8LV,-0.04067226576949898,0.4735613872901024,-0.5142336530596013,Oxidative
TCGA-PL-A8LX,0.23898394874477885,0.3072048635428602,-0.06822091479808134,Mixed
TCGA-PL-A8LY,0.07630789210906667,0.25484345923741764,-0.17853556712835095,Oxidative
TCGA-PL-A8LZ,-0.10917472075353675,-0.22096102451414562,0.11178630376060887,Mixed
TCGA-S3-A6ZF,-0.2831683234782275,0.0853123269190474,-0.3684806503972749,Oxidative
TCGA-S3-A6ZG,-0.3967059800588806,-0.5243275072489091,0.1276215271900285,Mixed
TCGA-S3-A6ZH,-0.334468180967605,0.5360260248546997,-0.8704942058223047,Oxidative
TCGA-S3-AA0Z,-0.021075605637922667,-0.3412000138729446,0.3201244082350219,Glycolytic
TCGA-S3-AA10,0.37185058406652893,-0.20452104023775453,0.5763716243042835,Glycolytic
TCGA-S3-AA11,-0.3203006973407005,-0.4042239332909929,0.08392323595029239,Mixed
TCGA-S3-AA12,0.08735232002595042,0.03710899274264087,0.05024332728330955,Mixed
TCGA-S3-AA14,-0.12679939579537827,-0.3570411123564874,0.23024171656110912,Glycolytic
TCGA-S3-AA15,0.48795558615392143,-0.11254846458875858,0.60050405074268,Glycolytic
TCGA-S3-AA17,-0.07501652837024037,-0.22984979688441098,0.15483326851417062,Mixed
TCGA-UL-AAZ6,0.8147205353241089,0.8428815974999848,-0.028161062175875884,Mixed
TCGA-WT-AB41,0.20261506300634863,0.8850342442883716,-0.6824191812820231,Oxidative
TCGA-WT-AB44,-0.21007797727030056,0.18873340351300188,-0.39881138078330247,Oxidative
TCGA-Z7-A8R5,0.1018905471865586,0.6859987960994902,-0.5841082489129317,Oxidative
TCGA-Z7-A8R6,0.344447256605593,0.1467072515175049,0.1977400050880881,Glycolytic
