feature,short_name,importance,std,feature_type
RNA_RNA_PDK1,PDK1,0.03731917207888039,0.011114892670454376,RNA
RNA_RNA_NDUFB5,NDUFB5,0.03290896013897604,0.01138724749631376,RNA
RNA_RNA_UQCRB,UQCRB,0.028074110459954095,0.006093627979515969,RNA
RNA_RNA_UQCRC2,UQCRC2,0.02705885447465962,0.011734106391903351,RNA
RNA_RNA_SDHD,SDHD,0.02614610414541151,0.011574374180414126,RNA
RNA_RNA_COX7A1,COX7A1,0.02283990496506576,0.010319644985906646,RNA
METH_METH_cg19310908,meth_meth_cg19310908,0.022602610968224312,0.011185461177558115,Methylation
RNA_RNA_PFKM,PFKM,0.02223678226440059,0.012774548465716455,RNA
RNA_RNA_SDHA,SDHA,0.02208942938882469,0.011963317830765947,RNA
RNA_RNA_NDUFA5,NDUFA5,0.0214547167726565,0.012741436658388932,RNA
RNA_RNA_NDUFA1,NDUFA1,0.021449197425928546,0.012542937309391917,RNA
RNA_RNA_IDH3A,IDH3A,0.021158094881020918,0.007298456835437302,RNA
RNA_RNA_COX5A,COX5A,0.02099278073034696,0.008739335940729785,RNA
RNA_RNA_NDUFB1,NDUFB1,0.02088187431745392,0.013370810972148721,RNA
RNA_RNA_PGAM1,PGAM1,0.02084457120353721,0.009159730808889084,RNA
METH_METH_cg25301767,meth_meth_cg25301767,0.019663958971622784,0.00894694639771933,Methylation
RNA_RNA_ALDOA,ALDOA,0.019586100948154293,0.00800915669764243,RNA
METH_METH_cg18670236,meth_meth_cg18670236,0.019354213317594304,0.007125035618413517,Methylation
RNA_RNA_COX7A2,COX7A2,0.018553730332943753,0.012998990479550067,RNA
RNA_RNA_HK3,HK3,0.018063463739440157,0.010283590466320108,RNA
RNA_RNA_NDUFB3,NDUFB3,0.017786591998641722,0.012493769804737175,RNA
RNA_RNA_MDH2,MDH2,0.017737534458548854,0.0168124038719891,RNA
RNA_RNA_ENO2,ENO2,0.017624204062234826,0.006576698353000592,RNA
METH_METH_cg26394624,meth_meth_cg26394624,0.01754748267774776,0.011162215715093491,Methylation
RNA_RNA_PGK1,PGK1,0.016992381003190827,0.009636688422788442,RNA
METH_METH_cg00399175,meth_meth_cg00399175,0.016973598932575152,0.007310905539649867,Methylation
METH_METH_cg23839159,meth_meth_cg23839159,0.016429244333416592,0.010446009124006396,Methylation
METH_METH_cg07484739,meth_meth_cg07484739,0.01641821966728495,0.01814658706248394,Methylation
METH_METH_cg10025586,meth_meth_cg10025586,0.01604052357408454,0.010241625420816655,Methylation
METH_METH_cg22681784,meth_meth_cg22681784,0.015994089577174398,0.006265484159954336,Methylation
METH_METH_cg12127149,meth_meth_cg12127149,0.015957264698613693,0.008010952697368623,Methylation
METH_METH_cg14659678,meth_meth_cg14659678,0.015874192121990705,0.004912846924608754,Methylation
METH_METH_cg27517563,meth_meth_cg27517563,0.015848196800776215,0.008033811370631309,Methylation
RNA_RNA_SLC16A3,SLC16A3,0.01555184688942941,0.008367372331327547,RNA
METH_METH_cg14842771,meth_meth_cg14842771,0.015475372681009115,0.00720278405768447,Methylation
RNA_RNA_LDHC,LDHC,0.015440748360606637,0.007563913947538683,RNA
RNA_RNA_NDUFA4,NDUFA4,0.01536479459581901,0.011001418656304277,RNA
METH_METH_cg19528963,meth_meth_cg19528963,0.015333978291230944,0.009629533757176146,Methylation
METH_METH_cg08613144,meth_meth_cg08613144,0.015199196076963628,0.00577305778332675,Methylation
RNA_RNA_GAPDH,GAPDH,0.015189604050545268,0.011332472895295488,RNA
METH_METH_cg07211251,meth_meth_cg07211251,0.014481769647725318,0.010466138384671584,Methylation
RNA_RNA_NDUFB2,NDUFB2,0.014413621126343123,0.012246035022305292,RNA
RNA_RNA_SDHB,SDHB,0.014255115382703288,0.009024229543598007,RNA
RNA_RNA_TKT,TKT,0.01423691212518664,0.011767863651735945,RNA
METH_METH_cg05693611,meth_meth_cg05693611,0.014236056565703281,0.009403191248101997,Methylation
METH_METH_cg09601505,meth_meth_cg09601505,0.014159471018914006,0.005688663517042757,Methylation
METH_METH_cg22940525,meth_meth_cg22940525,0.014125566384390742,0.008499708581765417,Methylation
METH_METH_cg02827572,meth_meth_cg02827572,0.01412506875444256,0.008225178764995515,Methylation
METH_METH_cg24234651,meth_meth_cg24234651,0.013693882447816764,0.006069972166715369,Methylation
METH_METH_cg20889445,meth_meth_cg20889445,0.013671929559275642,0.006683907971444768,Methylation
METH_METH_cg20514322,meth_meth_cg20514322,0.013620627874876912,0.006615715198322008,Methylation
METH_METH_cg12629991,meth_meth_cg12629991,0.013552966372622367,0.0059144927683430866,Methylation
METH_METH_cg03020545,meth_meth_cg03020545,0.01342059761723936,0.005234099032681455,Methylation
METH_METH_cg16649298,meth_meth_cg16649298,0.013356011953642244,0.006520448081468489,Methylation
RNA_RNA_SLC16A1,SLC16A1,0.013292375312260773,0.009406264380593676,RNA
METH_METH_cg18797823,meth_meth_cg18797823,0.013246663328068443,0.00923660827553526,Methylation
METH_METH_cg00820311,meth_meth_cg00820311,0.01297322168667232,0.004871522149391819,Methylation
METH_METH_cg18804777,meth_meth_cg18804777,0.012925748684512572,0.009333347262270891,Methylation
METH_METH_cg09684233,meth_meth_cg09684233,0.01277244483631711,0.010007455153067208,Methylation
METH_METH_cg14181956,meth_meth_cg14181956,0.012548194362630027,0.0057882826377731005,Methylation
METH_METH_cg26620356,meth_meth_cg26620356,0.01249948372073868,0.00598345020512774,Methylation
METH_METH_cg01601658,meth_meth_cg01601658,0.012474139313740007,0.007729801337989747,Methylation
METH_METH_cg11804789,meth_meth_cg11804789,0.012374684551156622,0.005869391134763205,Methylation
METH_METH_cg16226627,meth_meth_cg16226627,0.012366507740824007,0.0077740603647283284,Methylation
METH_METH_cg26594335,meth_meth_cg26594335,0.012196765106394303,0.005532826310394084,Methylation
METH_METH_cg07430967,meth_meth_cg07430967,0.01205417368133035,0.0035881691813224184,Methylation
METH_METH_cg13488570,meth_meth_cg13488570,0.011965895380100821,0.009032040357711874,Methylation
METH_METH_cg26458452,meth_meth_cg26458452,0.011945049875325376,0.009970849935736424,Methylation
METH_METH_cg13531977,meth_meth_cg13531977,0.011902903062067816,0.010467492694690852,Methylation
RNA_RNA_PFKP,PFKP,0.011616906275544736,0.0038809124690079963,RNA
RNA_RNA_NDUFA6,NDUFA6,0.01152196394019649,0.007641837635866005,RNA
METH_METH_cg09478396,meth_meth_cg09478396,0.011491204624621077,0.008284403873889692,Methylation
METH_METH_cg01605516,meth_meth_cg01605516,0.011390607596014447,0.007178861732384041,Methylation
METH_METH_cg16177693,meth_meth_cg16177693,0.011381004982548215,0.0058579331352947945,Methylation
METH_METH_cg03922126,meth_meth_cg03922126,0.011361506460914961,0.0056735241120941535,Methylation
RNA_RNA_COX6A1,COX6A1,0.011316738224265733,0.007466301838234062,RNA
METH_METH_cg06599209,meth_meth_cg06599209,0.011314302454114977,0.007896573258384821,Methylation
METH_METH_cg04663932,meth_meth_cg04663932,0.01127778672126083,0.007127985219614272,Methylation
METH_METH_cg20060685,meth_meth_cg20060685,0.011240644067743555,0.005663643469348477,Methylation
RNA_RNA_PDK2,PDK2,0.01115569193771392,0.007579126542409076,RNA
RNA_RNA_PFKL,PFKL,0.011118306047841874,0.009908987158864863,RNA
RNA_RNA_HK2,HK2,0.011088425163015758,0.007493887026366218,RNA
METH_METH_cg03507641,meth_meth_cg03507641,0.011046913974411477,0.0076871527309143005,Methylation
METH_METH_cg26152188,meth_meth_cg26152188,0.010965005177500098,0.006892238619840531,Methylation
METH_METH_cg10974980,meth_meth_cg10974980,0.010940150708872465,0.004485706812243502,Methylation
RNA_RNA_IDH2,IDH2,0.01084774499000537,0.01066141761165278,RNA
METH_METH_cg24361291,meth_meth_cg24361291,0.01077716004959861,0.0065428739294532785,Methylation
RNA_RNA_CS,CS,0.010734666623643896,0.005863678302162343,RNA
METH_METH_cg25946605,meth_meth_cg25946605,0.010681823321937678,0.004265798154998268,Methylation
RNA_RNA_NDUFA7,NDUFA7,0.010620769373268769,0.006295290049262623,RNA
METH_METH_cg02536065,meth_meth_cg02536065,0.010534940299675666,0.005453357956792499,Methylation
METH_METH_cg06635849,meth_meth_cg06635849,0.010468728517180281,0.009256425305908948,Methylation
METH_METH_cg10577216,meth_meth_cg10577216,0.01040148832300023,0.0053714016847258225,Methylation
METH_METH_cg15948030,meth_meth_cg15948030,0.010296597048559864,0.004992166250582043,Methylation
METH_METH_cg10080732,meth_meth_cg10080732,0.010289060391202398,0.00511042364282057,Methylation
METH_METH_cg03877174,meth_meth_cg03877174,0.010283090470294787,0.0063953834892987015,Methylation
RNA_RNA_NDUFA3,NDUFA3,0.010240572770016786,0.004919642489338622,RNA
METH_METH_cg02035605,meth_meth_cg02035605,0.01021423723898115,0.005669334019502079,Methylation
METH_METH_cg14711067,meth_meth_cg14711067,0.010207972292402867,0.00983437601077267,Methylation
RNA_RNA_TALDO1,TALDO1,0.01016524326082775,0.006266698854292311,RNA
METH_METH_cg27303933,meth_meth_cg27303933,0.00997930655840198,0.00565256496301417,Methylation
METH_METH_cg01727105,meth_meth_cg01727105,0.009949696294850707,0.004441211051144464,Methylation
METH_METH_cg05044743,meth_meth_cg05044743,0.009839610849217273,0.006691436569952728,Methylation
METH_METH_cg17126142,meth_meth_cg17126142,0.009739326605171805,0.006916811061273015,Methylation
METH_METH_cg25034941,meth_meth_cg25034941,0.009706905438147206,0.005446697683948482,Methylation
METH_METH_cg11724366,meth_meth_cg11724366,0.0096065055185241,0.007588669505831635,Methylation
METH_METH_cg23640664,meth_meth_cg23640664,0.009497461804648522,0.007309419977472758,Methylation
RNA_RNA_COX4I1,COX4I1,0.009417808954956187,0.007548338778492754,RNA
RNA_RNA_G6PD,G6PD,0.00939587042347445,0.005221148436894546,RNA
RNA_RNA_TPI1,TPI1,0.00939524558593131,0.005848344947909919,RNA
RNA_RNA_PDK3,PDK3,0.009329444401885146,0.00915561034096121,RNA
METH_METH_cg22863744,meth_meth_cg22863744,0.009295479889200963,0.01105941536340212,Methylation
METH_METH_cg11690979,meth_meth_cg11690979,0.009286696627213754,0.004757771406893891,Methylation
METH_METH_cg14986386,meth_meth_cg14986386,0.009239581212471292,0.006247604746590054,Methylation
METH_METH_cg05551825,meth_meth_cg05551825,0.009210015312327647,0.008496144243953967,Methylation
METH_METH_cg09118749,meth_meth_cg09118749,0.009153137670391531,0.005213693836991841,Methylation
METH_METH_cg06851151,meth_meth_cg06851151,0.009131492566981647,0.0049487205535963166,Methylation
METH_METH_cg12789279,meth_meth_cg12789279,0.009061369005152854,0.005017426411356696,Methylation
METH_METH_cg02737619,meth_meth_cg02737619,0.009056365885380103,0.0037504269240039878,Methylation
RNA_RNA_NDUFA2,NDUFA2,0.009039948612191161,0.008080747656485837,RNA
METH_METH_cg09299055,meth_meth_cg09299055,0.008976146052699575,0.004851524120148126,Methylation
METH_METH_cg20961045,meth_meth_cg20961045,0.008911155372384183,0.010807892027715694,Methylation
METH_METH_cg10156274,meth_meth_cg10156274,0.008909016022946503,0.004248184022123268,Methylation
METH_METH_cg20065266,meth_meth_cg20065266,0.008905216171095853,0.005648932457592425,Methylation
METH_METH_cg00475182,meth_meth_cg00475182,0.00879575691887181,0.01112326397624647,Methylation
METH_METH_cg13023677,meth_meth_cg13023677,0.008759226569566302,0.005708009614563988,Methylation
RNA_RNA_HK1,HK1,0.008647264444668679,0.009130283046862031,RNA
METH_METH_cg25213720,meth_meth_cg25213720,0.008553258138724863,0.004682476145386135,Methylation
METH_METH_cg01511901,meth_meth_cg01511901,0.008490367203740957,0.00337833947743407,Methylation
METH_METH_cg14068176,meth_meth_cg14068176,0.008433896614887637,0.005921779103755687,Methylation
METH_METH_cg01766957,meth_meth_cg01766957,0.008432279387744934,0.00563200759917396,Methylation
METH_METH_cg18131626,meth_meth_cg18131626,0.008306734211839705,0.009541793966158974,Methylation
RNA_RNA_ALDOC,ALDOC,0.008299917042805461,0.012225046130847721,RNA
METH_METH_cg11152384,meth_meth_cg11152384,0.008260977737157837,0.0035162516889890175,Methylation
METH_METH_cg21637392,meth_meth_cg21637392,0.008128502195292531,0.0044244359240917935,Methylation
RNA_RNA_COX6B1,COX6B1,0.007980396389159294,0.00818715887585848,RNA
METH_METH_cg22035959,meth_meth_cg22035959,0.007967403939175232,0.004809005094181892,Methylation
METH_METH_cg22678073,meth_meth_cg22678073,0.007949097075335088,0.0037904130328205755,Methylation
RNA_RNA_PDHA1,PDHA1,0.007913224406510544,0.007258177812305796,RNA
RNA_RNA_PGAM2,PGAM2,0.007887273442813725,0.010878312570014365,RNA
METH_METH_cg16695890,meth_meth_cg16695890,0.00788294423137278,0.005420818671447561,Methylation
METH_METH_cg14006181,meth_meth_cg14006181,0.007879367783849544,0.006065639750053802,Methylation
METH_METH_cg15331996,meth_meth_cg15331996,0.007831095786443264,0.004066792543543109,Methylation
RNA_RNA_FH,FH,0.007788772015679235,0.006607022980702047,RNA
RNA_RNA_ENO1,ENO1,0.007770302804689077,0.009119685563409276,RNA
METH_METH_cg18336453,meth_meth_cg18336453,0.007720222011073585,0.004385429484308331,Methylation
RNA_RNA_ALDOB,ALDOB,0.0077183885788131516,0.01098106232330339,RNA
RNA_RNA_PGK2,PGK2,0.007633901579779123,0.005582975303488177,RNA
METH_METH_cg03834767,meth_meth_cg03834767,0.007611867350537394,0.006769185032222213,Methylation
METH_METH_cg01542384,meth_meth_cg01542384,0.007494383904048707,0.005263898302924422,Methylation
METH_METH_cg08666707,meth_meth_cg08666707,0.007397064077290761,0.007140480275992537,Methylation
METH_METH_cg02512867,meth_meth_cg02512867,0.007393145719925842,0.00863826641035172,Methylation
METH_METH_cg12502325,meth_meth_cg12502325,0.007293476571060864,0.005661062483027799,Methylation
METH_METH_cg08355099,meth_meth_cg08355099,0.0072391446997159496,0.004924206032480203,Methylation
METH_METH_cg11855643,meth_meth_cg11855643,0.007176349091489964,0.004211030993132087,Methylation
RNA_RNA_PDHB,PDHB,0.007092058907375931,0.008798390827054537,RNA
METH_METH_cg04523868,meth_meth_cg04523868,0.007081212322062436,0.007012775746682746,Methylation
METH_METH_cg26247093,meth_meth_cg26247093,0.007060064808747768,0.006582886555893742,Methylation
METH_METH_cg18444099,meth_meth_cg18444099,0.0070562086467942375,0.00514615536117835,Methylation
METH_METH_cg04256466,meth_meth_cg04256466,0.00702126022451689,0.006495194567355853,Methylation
METH_METH_cg18547299,meth_meth_cg18547299,0.006967884358379283,0.0043911196209287014,Methylation
METH_METH_cg06968912,meth_meth_cg06968912,0.006914765962895086,0.0033725534330032417,Methylation
METH_METH_cg11058951,meth_meth_cg11058951,0.00691212442304362,0.0051173374345468295,Methylation
METH_METH_cg11958128,meth_meth_cg11958128,0.006845951496071245,0.004067571586987555,Methylation
METH_METH_cg01859237,meth_meth_cg01859237,0.006661408738390362,0.0030470287586093978,Methylation
METH_METH_cg07644368,meth_meth_cg07644368,0.006612218264635173,0.0052560185743500965,Methylation
RNA_RNA_LDHA,LDHA,0.0065148974676460525,0.006613375205717278,RNA
METH_METH_cg20741105,meth_meth_cg20741105,0.006493504018317486,0.008478323509173095,Methylation
METH_METH_cg16407699,meth_meth_cg16407699,0.006353769520900598,0.006483069728043397,Methylation
RNA_RNA_NDUFB4,NDUFB4,0.006334529630876673,0.00832488988271734,RNA
METH_METH_cg18519308,meth_meth_cg18519308,0.006309734391913857,0.009083198387484856,Methylation
METH_METH_cg19821297,meth_meth_cg19821297,0.006247227901167251,0.004440943530348264,Methylation
METH_METH_cg13917273,meth_meth_cg13917273,0.006172750289948026,0.004071368596818266,Methylation
METH_METH_cg00101712,meth_meth_cg00101712,0.006169438219107259,0.01114536247363367,Methylation
METH_METH_cg20469680,meth_meth_cg20469680,0.006123568369877397,0.0028846885512721775,Methylation
METH_METH_cg19589427,meth_meth_cg19589427,0.006116470174099109,0.0045696706381120845,Methylation
METH_METH_cg06864083,meth_meth_cg06864083,0.006103758712404717,0.0033629437765144996,Methylation
METH_METH_cg12598025,meth_meth_cg12598025,0.006025972200077612,0.00501252507265439,Methylation
METH_METH_cg21239317,meth_meth_cg21239317,0.006010408409407431,0.004701366066314731,Methylation
METH_METH_cg06720544,meth_meth_cg06720544,0.005978510906257228,0.005390888213342708,Methylation
METH_METH_cg16416987,meth_meth_cg16416987,0.005919745841057223,0.00725414883214031,Methylation
METH_METH_cg14081251,meth_meth_cg14081251,0.005907436719992065,0.004736865558756563,Methylation
METH_METH_cg12547807,meth_meth_cg12547807,0.005907074674871315,0.0019198407217703739,Methylation
METH_METH_cg24199006,meth_meth_cg24199006,0.0058858295901818795,0.00604676094423889,Methylation
METH_METH_cg11802027,meth_meth_cg11802027,0.005885779993515116,0.0052080890183249145,Methylation
METH_METH_cg11807143,meth_meth_cg11807143,0.005840007962537386,0.004640895153850647,Methylation
METH_METH_cg13063614,meth_meth_cg13063614,0.005829789724156409,0.001977967074606481,Methylation
METH_METH_cg05346963,meth_meth_cg05346963,0.0057958743339314054,0.005297979506426535,Methylation
METH_METH_cg01977473,meth_meth_cg01977473,0.005785991371972743,0.004645527077489833,Methylation
METH_METH_cg21429394,meth_meth_cg21429394,0.00576767710251519,0.005214123442074184,Methylation
METH_METH_cg00051307,meth_meth_cg00051307,0.005728336273018076,0.003834052014603639,Methylation
METH_METH_cg17983217,meth_meth_cg17983217,0.005721685563245238,0.004658304477253184,Methylation
METH_METH_cg15120732,meth_meth_cg15120732,0.005710478965620514,0.005299624787792358,Methylation
METH_METH_cg05350268,meth_meth_cg05350268,0.005707738219905023,0.004462270733781011,Methylation
METH_METH_cg07830557,meth_meth_cg07830557,0.005638294239563668,0.006573825341361328,Methylation
METH_METH_cg27457191,meth_meth_cg27457191,0.005602179311472366,0.004448851310300835,Methylation
RNA_RNA_COX5B,COX5B,0.005512263085486369,0.009513865022466208,RNA
METH_METH_cg14654171,meth_meth_cg14654171,0.005430533523137893,0.0033864629974273033,Methylation
RNA_RNA_NDUFB6,NDUFB6,0.005381220094096995,0.012196698185285881,RNA
METH_METH_cg12189551,meth_meth_cg12189551,0.005365118079872722,0.0043834009379159,Methylation
METH_METH_cg26474549,meth_meth_cg26474549,0.005350964210423847,0.0028844162304148485,Methylation
METH_METH_cg04273431,meth_meth_cg04273431,0.005344478194623392,0.005701402973191751,Methylation
METH_METH_cg08240383,meth_meth_cg08240383,0.005231963056569122,0.0061496396336830714,Methylation
METH_METH_cg11826008,meth_meth_cg11826008,0.005208089461251031,0.004561543155222566,Methylation
METH_METH_cg07358634,meth_meth_cg07358634,0.005191364842801571,0.005357612764247226,Methylation
METH_METH_cg27613998,meth_meth_cg27613998,0.005117544154405651,0.0050012314545176,Methylation
METH_METH_cg18664866,meth_meth_cg18664866,0.005113376219825027,0.0033670905753491825,Methylation
METH_METH_cg05226283,meth_meth_cg05226283,0.005072664105530001,0.004676134103465053,Methylation
METH_METH_cg02743342,meth_meth_cg02743342,0.005044554233484866,0.007486300019203584,Methylation
METH_METH_cg25078444,meth_meth_cg25078444,0.004973505798440181,0.007133292868041375,Methylation
METH_METH_cg26124569,meth_meth_cg26124569,0.0049520562246122,0.0030443134562349056,Methylation
METH_METH_cg16985778,meth_meth_cg16985778,0.004944538739084991,0.004035088326529525,Methylation
METH_METH_cg18674446,meth_meth_cg18674446,0.004942359111206019,0.008050651330904338,Methylation
METH_METH_cg20175702,meth_meth_cg20175702,0.00493519709691177,0.004705337904878799,Methylation
METH_METH_cg07040244,meth_meth_cg07040244,0.00489922110306541,0.006469151803748911,Methylation
METH_METH_cg13581922,meth_meth_cg13581922,0.004897283721541879,0.0032031022501651896,Methylation
METH_METH_cg09433910,meth_meth_cg09433910,0.004862572312804636,0.005092262696911181,Methylation
RNA_RNA_PKLR,PKLR,0.004835272322991602,0.011627922377187795,RNA
METH_METH_cg15334391,meth_meth_cg15334391,0.004801042961210855,0.010439945366095073,Methylation
METH_METH_cg04192168,meth_meth_cg04192168,0.004712110836240557,0.009594195263252347,Methylation
METH_METH_cg11676024,meth_meth_cg11676024,0.0047042564345557425,0.0030354072360228995,Methylation
METH_METH_cg01561864,meth_meth_cg01561864,0.004698599122493108,0.010846395733263953,Methylation
METH_METH_cg13375624,meth_meth_cg13375624,0.0046978141776155445,0.007047674544410506,Methylation
METH_METH_cg26311610,meth_meth_cg26311610,0.004651769592124167,0.0062260193360397795,Methylation
METH_METH_cg09696115,meth_meth_cg09696115,0.004639836430919519,0.0071426345907996585,Methylation
METH_METH_cg27181349,meth_meth_cg27181349,0.004512015834155192,0.006897597208266617,Methylation
METH_METH_cg13054640,meth_meth_cg13054640,0.004500427682867403,0.003815020131210904,Methylation
METH_METH_cg21148404,meth_meth_cg21148404,0.0044987228528420966,0.0029397509328356213,Methylation
METH_METH_cg12758485,meth_meth_cg12758485,0.00448974361625204,0.0043113409677783595,Methylation
METH_METH_cg13628444,meth_meth_cg13628444,0.004481093468002406,0.006326444062965978,Methylation
METH_METH_cg08110785,meth_meth_cg08110785,0.004467272890659601,0.00418374947345907,Methylation
METH_METH_cg19479086,meth_meth_cg19479086,0.004425150959819102,0.005076748699411219,Methylation
METH_METH_cg11888982,meth_meth_cg11888982,0.004385322428699057,0.003939460375064423,Methylation
METH_METH_cg05527337,meth_meth_cg05527337,0.004368707712010045,0.002781747270659123,Methylation
METH_METH_cg02980249,meth_meth_cg02980249,0.004350597213351293,0.004781089244792016,Methylation
METH_METH_cg26683639,meth_meth_cg26683639,0.004332233980914824,0.005181725193846915,Methylation
METH_METH_cg10773805,meth_meth_cg10773805,0.004214792599766803,0.0057974920010441374,Methylation
RNA_RNA_SDHC,SDHC,0.004189748097666613,0.0035507527114340587,RNA
METH_METH_cg15229275,meth_meth_cg15229275,0.0041718342982731025,0.0036290333414404183,Methylation
METH_METH_cg26334507,meth_meth_cg26334507,0.00416534717052498,0.003499635478197302,Methylation
METH_METH_cg10983208,meth_meth_cg10983208,0.004163676425226059,0.006149989228543451,Methylation
METH_METH_cg04839975,meth_meth_cg04839975,0.0041385810334939824,0.004193370508287294,Methylation
METH_METH_cg01555052,meth_meth_cg01555052,0.004115328992190614,0.004146197776078325,Methylation
METH_METH_cg22789515,meth_meth_cg22789515,0.004109725212105797,0.0027379175601697546,Methylation
RNA_RNA_ENO3,ENO3,0.004093873342979093,0.006114721020180098,RNA
METH_METH_cg03128890,meth_meth_cg03128890,0.004088429102121582,0.005367458774520831,Methylation
METH_METH_cg23195510,meth_meth_cg23195510,0.0040792415250691105,0.004971864331913218,Methylation
METH_METH_cg23061150,meth_meth_cg23061150,0.003971784829902925,0.003077851925019507,Methylation
RNA_RNA_ACO2,ACO2,0.003940448573446509,0.008279616320102455,RNA
METH_METH_cg13298199,meth_meth_cg13298199,0.0039021885620943554,0.002627534861484069,Methylation
METH_METH_cg01109219,meth_meth_cg01109219,0.003894673896188738,0.004352897874425439,Methylation
METH_METH_cg25290307,meth_meth_cg25290307,0.0038807181465380426,0.005344565180977038,Methylation
METH_METH_cg13916421,meth_meth_cg13916421,0.0038562747792517003,0.005879043185328688,Methylation
METH_METH_cg16645907,meth_meth_cg16645907,0.0038552686654895864,0.005733415604901946,Methylation
RNA_RNA_CYC1,CYC1,0.003848138703968151,0.007245846882785942,RNA
METH_METH_cg04675502,meth_meth_cg04675502,0.0038190454402719067,0.005426199593911738,Methylation
METH_METH_cg13027851,meth_meth_cg13027851,0.0037180068040552293,0.0058267241242848985,Methylation
METH_METH_cg26446499,meth_meth_cg26446499,0.0037140451580232824,0.004709175543866304,Methylation
METH_METH_cg08291996,meth_meth_cg08291996,0.0036568323927907544,0.009792043170656977,Methylation
METH_METH_cg07086945,meth_meth_cg07086945,0.003644258140369194,0.003397541813065403,Methylation
METH_METH_cg03336402,meth_meth_cg03336402,0.0035841836841991825,0.0032283997310096693,Methylation
METH_METH_cg00307214,meth_meth_cg00307214,0.0035055944941625563,0.005160266102706094,Methylation
METH_METH_cg27627493,meth_meth_cg27627493,0.0035008024715427856,0.003270201577700705,Methylation
METH_METH_cg16373000,meth_meth_cg16373000,0.003495312767870462,0.0032671335212710257,Methylation
METH_METH_cg09263647,meth_meth_cg09263647,0.003472927091519473,0.0026401392205526674,Methylation
METH_METH_cg02009766,meth_meth_cg02009766,0.003464888025397217,0.0026508026943193094,Methylation
METH_METH_cg14456683,meth_meth_cg14456683,0.0034606938504386565,0.003153159135414759,Methylation
METH_METH_cg09675604,meth_meth_cg09675604,0.0034376670926233753,0.0066044426201021566,Methylation
METH_METH_cg13647382,meth_meth_cg13647382,0.0033937450113877498,0.009730299303069173,Methylation
METH_METH_cg15777769,meth_meth_cg15777769,0.0033886033809236936,0.004650260950444159,Methylation
METH_METH_cg14557216,meth_meth_cg14557216,0.0033827699129188927,0.0046582061859516315,Methylation
METH_METH_cg11414345,meth_meth_cg11414345,0.003371647432208369,0.0031003952312311195,Methylation
RNA_RNA_GPI,GPI,0.003344356745347321,0.00544909884161587,RNA
METH_METH_cg01030757,meth_meth_cg01030757,0.003217098890010628,0.005270883429412774,Methylation
METH_METH_cg19247032,meth_meth_cg19247032,0.003190107714376278,0.0042894042527010755,Methylation
METH_METH_cg08752433,meth_meth_cg08752433,0.003175383056856962,0.0015876915284284811,Methylation
METH_METH_cg04247336,meth_meth_cg04247336,0.00315840442382026,0.003752118067189696,Methylation
METH_METH_cg10605137,meth_meth_cg10605137,0.0031521970828596534,0.0044024926661644205,Methylation
METH_METH_cg20254354,meth_meth_cg20254354,0.003063711265801472,0.002022812229703169,Methylation
METH_METH_cg07606384,meth_meth_cg07606384,0.0030630178397037856,0.0027957603528997866,Methylation
METH_METH_cg00819338,meth_meth_cg00819338,0.0030006273274175155,0.007077813066751128,Methylation
METH_METH_cg16041798,meth_meth_cg16041798,0.002999306277452052,0.005974166809173833,Methylation
METH_METH_cg25354348,meth_meth_cg25354348,0.002918956565784436,0.003337557972853983,Methylation
METH_METH_cg11713658,meth_meth_cg11713658,0.0029174869334194333,0.007643159736951246,Methylation
METH_METH_cg05908587,meth_meth_cg05908587,0.00289612545212069,0.0019078018763728894,Methylation
METH_METH_cg25398044,meth_meth_cg25398044,0.0028634456127742403,0.0018858802154958399,Methylation
METH_METH_cg03926640,meth_meth_cg03926640,0.0028368899192391162,0.003866731110699427,Methylation
METH_METH_cg23922520,meth_meth_cg23922520,0.0028214367337404123,0.00370716541182022,Methylation
RNA_RNA_SUCLA2,SUCLA2,0.0028200025581111123,0.007811463620215369,RNA
METH_METH_cg19264170,meth_meth_cg19264170,0.0027784601747498417,0.0018189291523159113,Methylation
METH_METH_cg24181605,meth_meth_cg24181605,0.0027706822240518457,0.0031531572366307807,Methylation
METH_METH_cg26823144,meth_meth_cg26823144,0.002756800861644859,0.003265100770167707,Methylation
METH_METH_cg04266152,meth_meth_cg04266152,0.002718954915881666,0.004755316614746041,Methylation
METH_METH_cg01729837,meth_meth_cg01729837,0.002697322412171099,0.002736011721983714,Methylation
METH_METH_cg11026867,meth_meth_cg11026867,0.002655820229817052,0.0045765080750956675,Methylation
METH_METH_cg18009710,meth_meth_cg18009710,0.002649274112656419,0.005473592439540379,Methylation
METH_METH_cg06639874,meth_meth_cg06639874,0.002647476738821952,0.007886231381543301,Methylation
METH_METH_cg16650073,meth_meth_cg16650073,0.00263921731039074,0.004011043509359544,Methylation
METH_METH_cg18161025,meth_meth_cg18161025,0.00263582318691733,0.005603415976211837,Methylation
METH_METH_cg12885484,meth_meth_cg12885484,0.00254738396604407,0.007346020573241588,Methylation
METH_METH_cg03917666,meth_meth_cg03917666,0.0025367411757290736,0.007860619500915118,Methylation
METH_METH_cg06157219,meth_meth_cg06157219,0.0025240739809161417,0.0033436749869892946,Methylation
METH_METH_cg16405876,meth_meth_cg16405876,0.002522033683677316,0.003423955170572777,Methylation
METH_METH_cg24489370,meth_meth_cg24489370,0.002454995751303335,0.004512253910662976,Methylation
METH_METH_cg01227537,meth_meth_cg01227537,0.0023848405007184104,0.0019404925556111897,Methylation
METH_METH_cg20996887,meth_meth_cg20996887,0.0023621182967901054,0.0056181168352831415,Methylation
METH_METH_cg12945054,meth_meth_cg12945054,0.002361064745303765,0.010516894149651035,Methylation
METH_METH_cg00226822,meth_meth_cg00226822,0.0023575654009700296,0.0026310253559615475,Methylation
METH_METH_cg08918658,meth_meth_cg08918658,0.002349310855100706,0.006483488760093322,Methylation
METH_METH_cg25998666,meth_meth_cg25998666,0.0023456604997027066,0.006455998717147528,Methylation
METH_METH_cg20074526,meth_meth_cg20074526,0.002251579544595961,0.005825793757354339,Methylation
METH_METH_cg06354916,meth_meth_cg06354916,0.0022193984402280264,0.008618309909256812,Methylation
METH_METH_cg17546376,meth_meth_cg17546376,0.0021103111093524252,0.003315939317754379,Methylation
METH_METH_cg24666355,meth_meth_cg24666355,0.002030597609794016,0.0026725351264742644,Methylation
METH_METH_cg03043127,meth_meth_cg03043127,0.0019939739158656433,0.002873005271736653,Methylation
METH_METH_cg15459780,meth_meth_cg15459780,0.0019870715450511665,0.0036609968205250313,Methylation
RNA_RNA_OGDH,OGDH,0.0019836224542914005,0.0036842727657938673,RNA
METH_METH_cg20937016,meth_meth_cg20937016,0.001966790883261749,0.0033801459649776457,Methylation
METH_METH_cg14740771,meth_meth_cg14740771,0.0019568270158657032,0.004650556122463607,Methylation
METH_METH_cg25244356,meth_meth_cg25244356,0.0019521358437485814,0.00694331974148268,Methylation
METH_METH_cg01362358,meth_meth_cg01362358,0.0019158701456709394,0.002062544070185116,Methylation
METH_METH_cg22619784,meth_meth_cg22619784,0.001849146130971291,0.0020050287329144234,Methylation
METH_METH_cg07474957,meth_meth_cg07474957,0.0018189626043732866,0.0034805349922320122,Methylation
METH_METH_cg04981492,meth_meth_cg04981492,0.0017623437742970039,0.0029198284069588726,Methylation
METH_METH_cg27012424,meth_meth_cg27012424,0.0017067290152875448,0.0029778033455152017,Methylation
METH_METH_cg05696931,meth_meth_cg05696931,0.001587691528428481,0.0019445170567946551,Methylation
METH_METH_cg14800014,meth_meth_cg14800014,0.001587691528428481,0.0019445170567946551,Methylation
METH_METH_cg16228086,meth_meth_cg16228086,0.001587691528428481,0.0019445170567946551,Methylation
METH_METH_cg16025492,meth_meth_cg16025492,0.0015484242150605953,0.007663765086704333,Methylation
METH_METH_cg10840277,meth_meth_cg10840277,0.0015405283844067252,0.006514592889396124,Methylation
METH_METH_cg19719207,meth_meth_cg19719207,0.0014781378136537239,0.009933265720591557,Methylation
METH_METH_cg26158897,meth_meth_cg26158897,0.0014418640373942359,0.0062475137198143875,Methylation
METH_METH_cg14093936,meth_meth_cg14093936,0.0014193951597742172,0.004960202490850365,Methylation
METH_METH_cg12905592,meth_meth_cg12905592,0.0013857556594159327,0.004961181825374485,Methylation
METH_METH_cg01070161,meth_meth_cg01070161,0.0013843309869434161,0.0026757016411886026,Methylation
METH_METH_cg22455271,meth_meth_cg22455271,0.001377815187044551,0.00587644675686817,Methylation
METH_METH_cg18055007,meth_meth_cg18055007,0.0013583544600021425,0.0020813821835793033,Methylation
METH_METH_cg08285151,meth_meth_cg08285151,0.0013583544600021425,0.0020813821835793033,Methylation
METH_METH_cg06947286,meth_meth_cg06947286,0.0012324777527677577,0.0026261465070004535,Methylation
METH_METH_cg13656752,meth_meth_cg13656752,0.0011907686463213606,0.0018189291523159113,Methylation
METH_METH_cg12805374,meth_meth_cg12805374,0.0011907686463213606,0.0018189291523159113,Methylation
METH_METH_cg01202265,meth_meth_cg01202265,0.0011907686463213606,0.0018189291523159113,Methylation
METH_METH_cg19775269,meth_meth_cg19775269,0.0011907686463213606,0.0018189291523159113,Methylation
METH_METH_cg14004161,meth_meth_cg14004161,0.0011111348630946315,0.005632902358744765,Methylation
RNA_RNA_PGD,PGD,0.0010640414052803583,0.010827124460015786,RNA
METH_METH_cg04685228,meth_meth_cg04685228,0.0010571304994194896,0.00552161929634855,Methylation
METH_METH_cg12033125,meth_meth_cg12033125,0.0010521384894864537,0.0027242022002090874,Methylation
METH_METH_cg22512292,meth_meth_cg22512292,0.0010367708556103471,0.0038380944558501404,Methylation
RNA_RNA_PDK4,PDK4,0.0010187319522729332,0.013181973901548719,RNA
METH_METH_cg24302235,meth_meth_cg24302235,0.0009478826296828391,0.0018957652593656785,Methylation
METH_METH_cg06563300,meth_meth_cg06563300,0.000797306740289816,0.003822828360618743,Methylation
METH_METH_cg03655174,meth_meth_cg03655174,0.0007946977671581479,0.002384093301474444,Methylation
METH_METH_cg26607528,meth_meth_cg26607528,0.0007938457642142404,0.001587691528428481,Methylation
METH_METH_cg21307628,meth_meth_cg21307628,0.0007626782538097121,0.0056654737504647674,Methylation
METH_METH_cg22367556,meth_meth_cg22367556,0.0007436103515146674,0.005384006141624592,Methylation
METH_METH_cg26857315,meth_meth_cg26857315,0.0006583903925399537,0.006097095262203826,Methylation
METH_METH_cg14952457,meth_meth_cg14952457,0.0006276551894478955,0.003840193621003435,Methylation
METH_METH_cg12197421,meth_meth_cg12197421,0.000601239174002588,0.0033158480937895574,Methylation
METH_METH_cg07551060,meth_meth_cg07551060,0.000571896839449626,0.006632860521116915,Methylation
METH_METH_cg04388278,meth_meth_cg04388278,0.000553511800987072,0.006652129849567017,Methylation
METH_METH_cg15733007,meth_meth_cg15733007,0.00047469444346917025,0.0022728509329907457,Methylation
METH_METH_cg01815912,meth_meth_cg01815912,0.00047394131484141956,0.0014218239445242585,Methylation
METH_METH_cg16758813,meth_meth_cg16758813,0.00045064408146858745,0.0056300932992198755,Methylation
METH_METH_cg12105190,meth_meth_cg12105190,0.0004420823875620261,0.005598013222389965,Methylation
METH_METH_cg06786153,meth_meth_cg06786153,0.00041153409212915106,0.0022082898606387708,Methylation
METH_METH_cg14707187,meth_meth_cg14707187,0.0003969228821071202,0.0011907686463213608,Methylation
METH_METH_cg19052547,meth_meth_cg19052547,0.0003969228821071202,0.0011907686463213606,Methylation
METH_METH_cg11759172,meth_meth_cg11759172,0.0002982785843844815,0.0029204301055325375,Methylation
RNA_RNA_UQCRC1,UQCRC1,0.00025829272527221335,0.0023044744324790985,RNA
METH_METH_cg13512948,meth_meth_cg13512948,0.000252900940255274,0.002115197457678947,Methylation
METH_METH_cg00025347,meth_meth_cg00025347,0.00023337499918579807,0.006033414736888969,Methylation
METH_METH_cg05034446,meth_meth_cg05034446,0.00019080943408784635,0.004078319582053338,Methylation
METH_METH_cg10204320,meth_meth_cg10204320,0.00018756782577609155,0.00862298226557961,Methylation
METH_METH_cg10289074,meth_meth_cg10289074,0.00012851794905766045,0.0046758190187715055,Methylation
METH_METH_cg25728188,meth_meth_cg25728188,0.00010988056903112886,0.009836816946877481,Methylation
METH_METH_cg12543753,meth_meth_cg12543753,0.00010650007656108907,0.006547699713480437,Methylation
METH_METH_cg06946880,meth_meth_cg06946880,5.0628679410968935e-05,0.004011940435822926,Methylation
METH_METH_cg05306745,meth_meth_cg05306745,3.906646447249251e-05,0.0063958005238312025,Methylation
METH_METH_cg27268104,meth_meth_cg27268104,0.0,0.0,Methylation
METH_METH_cg06631160,meth_meth_cg06631160,0.0,0.0,Methylation
METH_METH_cg22789237,meth_meth_cg22789237,0.0,0.0,Methylation
METH_METH_cg24307587,meth_meth_cg24307587,0.0,0.0,Methylation
METH_METH_cg20705321,meth_meth_cg20705321,0.0,0.0,Methylation
METH_METH_cg14232108,meth_meth_cg14232108,0.0,0.0,Methylation
METH_METH_cg05516499,meth_meth_cg05516499,0.0,0.0,Methylation
METH_METH_cg01581222,meth_meth_cg01581222,0.0,0.0,Methylation
METH_METH_cg10694598,meth_meth_cg10694598,0.0,0.0,Methylation
METH_METH_cg06728055,meth_meth_cg06728055,0.0,0.0,Methylation
METH_METH_cg18505710,meth_meth_cg18505710,0.0,0.0,Methylation
METH_METH_cg15205547,meth_meth_cg15205547,0.0,0.0,Methylation
METH_METH_cg23703303,meth_meth_cg23703303,0.0,0.0,Methylation
METH_METH_cg11308170,meth_meth_cg11308170,0.0,0.0,Methylation
METH_METH_cg11834730,meth_meth_cg11834730,0.0,0.0,Methylation
METH_METH_cg21661379,meth_meth_cg21661379,0.0,0.0,Methylation
METH_METH_cg16991168,meth_meth_cg16991168,0.0,0.0,Methylation
METH_METH_cg21197336,meth_meth_cg21197336,-8.039066122256244e-06,2.4117198366768737e-05,Methylation
METH_METH_cg15152595,meth_meth_cg15152595,-8.039066122256244e-06,2.4117198366768737e-05,Methylation
METH_METH_cg27273125,meth_meth_cg27273125,-2.2953339082931735e-05,0.00879662889143803,Methylation
METH_METH_cg15259904,meth_meth_cg15259904,-2.316257567467339e-05,0.00895091865601488,Methylation
METH_METH_cg21388639,meth_meth_cg21388639,-6.209727503390106e-05,0.0019784414968943187,Methylation
METH_METH_cg13865610,meth_meth_cg13865610,-6.209727503390106e-05,0.0019784414968943187,Methylation
METH_METH_cg03725115,meth_meth_cg03725115,-0.00012298596522115625,0.001984952293251877,Methylation
METH_METH_cg06817455,meth_meth_cg06817455,-0.0001288183087328254,0.0017351926486885052,Methylation
METH_METH_cg19416462,meth_meth_cg19416462,-0.00018373562081014372,0.003969556339443077,Methylation
METH_METH_cg14714391,meth_meth_cg14714391,-0.00020143144287477767,0.006889448076177889,Methylation
METH_METH_cg08527797,meth_meth_cg08527797,-0.00022851463986728326,0.004607556875433203,Methylation
METH_METH_cg16479633,meth_meth_cg16479633,-0.0002896019953435025,0.0066141035203963385,Methylation
METH_METH_cg20973210,meth_meth_cg20973210,-0.0003376934379338281,0.0042444636547328005,Methylation
METH_METH_cg26050975,meth_meth_cg26050975,-0.00040104324565852777,0.00357730733382508,Methylation
METH_METH_cg08271153,meth_meth_cg08271153,-0.0004174486346317119,0.0012257833622448487,Methylation
METH_METH_cg24153813,meth_meth_cg24153813,-0.0004380707442520282,0.0033470198865660945,Methylation
METH_METH_cg10286983,meth_meth_cg10286983,-0.0004725691053532044,0.001417707316059613,Methylation
RNA_RNA_NDUFB7,NDUFB7,-0.0005204422716665657,0.007400821386458485,RNA
METH_METH_cg02270010,meth_meth_cg02270010,-0.0005366946660476102,0.0023760566512502444,Methylation
METH_METH_cg14088142,meth_meth_cg14088142,-0.000575229995328963,0.0030006275293904014,Methylation
METH_METH_cg24563094,meth_meth_cg24563094,-0.0006276356573977626,0.006045652704903447,Methylation
METH_METH_cg18335326,meth_meth_cg18335326,-0.0006745716942547664,0.003524976834168161,Methylation
METH_METH_cg21644914,meth_meth_cg21644914,-0.0006797243034414091,0.0021780587021620825,Methylation
METH_METH_cg24216990,meth_meth_cg24216990,-0.0006833638890047733,0.003044533828689725,Methylation
METH_METH_cg22627406,meth_meth_cg22627406,-0.000697364619874652,0.006186321573723624,Methylation
METH_METH_cg01271695,meth_meth_cg01271695,-0.0007127451663190953,0.0038798423829790206,Methylation
METH_METH_cg01462856,meth_meth_cg01462856,-0.0007189611175852151,0.010163105300946686,Methylation
METH_METH_cg13577946,meth_meth_cg13577946,-0.0008798269914731649,0.003929706800509253,Methylation
METH_METH_cg17077762,meth_meth_cg17077762,-0.0009531772768286651,0.0018864067778359022,Methylation
METH_METH_cg05352972,meth_meth_cg05352972,-0.0009761241139174759,0.004938627618586523,Methylation
METH_METH_cg01156374,meth_meth_cg01156374,-0.0013333966302705336,0.00920133460863391,Methylation
METH_METH_cg00902153,meth_meth_cg00902153,-0.0014075546829180774,0.004573799739798987,Methylation
METH_METH_cg15393221,meth_meth_cg15393221,-0.0014177073160596132,0.0021655836963786206,Methylation
METH_METH_cg17598358,meth_meth_cg17598358,-0.0014177073160596132,0.0021655836963786206,Methylation
METH_METH_cg18617808,meth_meth_cg18617808,-0.001459733571238575,0.006975746949135238,Methylation
METH_METH_cg06138468,meth_meth_cg06138468,-0.001465813998139931,0.00769686068061903,Methylation
METH_METH_cg00026033,meth_meth_cg00026033,-0.001467984150014001,0.002837772009690716,Methylation
METH_METH_cg18640536,meth_meth_cg18640536,-0.0016252218725043676,0.003454378659408315,Methylation
METH_METH_cg04896437,meth_meth_cg04896437,-0.0016376382740378227,0.002005689077322397,Methylation
METH_METH_cg14461571,meth_meth_cg14461571,-0.0016419005302214962,0.007652744922094761,Methylation
METH_METH_cg02764722,meth_meth_cg02764722,-0.0016555858068431962,0.004284375982174067,Methylation
METH_METH_cg23637349,meth_meth_cg23637349,-0.0017603142915806115,0.0029460971895407494,Methylation
METH_METH_cg19795338,meth_meth_cg19795338,-0.0018941795226627201,0.0064167658963288614,Methylation
METH_METH_cg02011074,meth_meth_cg02011074,-0.0019827454599972926,0.002908948573542306,Methylation
METH_METH_cg00174573,meth_meth_cg00174573,-0.0020185513800568987,0.005080260841358074,Methylation
METH_METH_cg14087413,meth_meth_cg14087413,-0.002022555036881457,0.005753051579812937,Methylation
METH_METH_cg14029170,meth_meth_cg14029170,-0.002047659117701328,0.0033861393220364798,Methylation
METH_METH_cg05599160,meth_meth_cg05599160,-0.0020734678909034463,0.0021351630818676123,Methylation
METH_METH_cg02455392,meth_meth_cg02455392,-0.0021517265224004546,0.0057083667723530395,Methylation
METH_METH_cg07672051,meth_meth_cg07672051,-0.0021674350646819105,0.0028702772153810672,Methylation
METH_METH_cg01202639,meth_meth_cg01202639,-0.0022296150629328992,0.00519570486541559,Methylation
METH_METH_cg01119135,meth_meth_cg01119135,-0.0023877819446375347,0.0040863746043221785,Methylation
METH_METH_cg26689077,meth_meth_cg26689077,-0.002395930331589413,0.006920272452198793,Methylation
METH_METH_cg06912665,meth_meth_cg06912665,-0.0023993427816761835,0.002999383440175742,Methylation
METH_METH_cg11473616,meth_meth_cg11473616,-0.0024692853192192165,0.006247098870614879,Methylation
METH_METH_cg23092956,meth_meth_cg23092956,-0.0024719670167413386,0.003500787796414931,Methylation
METH_METH_cg09367198,meth_meth_cg09367198,-0.0024775044075212582,0.006090320794966561,Methylation
METH_METH_cg01491071,meth_meth_cg01491071,-0.002653779777314835,0.009571424315750728,Methylation
METH_METH_cg06419268,meth_meth_cg06419268,-0.0026695266133015204,0.0038765103420293923,Methylation
METH_METH_cg18754118,meth_meth_cg18754118,-0.002718313091250768,0.0029642696032729575,Methylation
METH_METH_cg00987534,meth_meth_cg00987534,-0.002770100453505919,0.0034496557890974304,Methylation
METH_METH_cg00294382,meth_meth_cg00294382,-0.0028770267245468496,0.004502500740327513,Methylation
METH_METH_cg10362613,meth_meth_cg10362613,-0.0028972377622640045,0.0051716516149839815,Methylation
METH_METH_cg19779057,meth_meth_cg19779057,-0.0029293411885614185,0.004054904511136741,Methylation
METH_METH_cg19653282,meth_meth_cg19653282,-0.003082068003427052,0.005980167306796185,Methylation
METH_METH_cg16701848,meth_meth_cg16701848,-0.003128094951154181,0.0028524093878553518,Methylation
METH_METH_cg20392615,meth_meth_cg20392615,-0.003219029858938116,0.0046097738079084105,Methylation
METH_METH_cg18220380,meth_meth_cg18220380,-0.0032623158931308627,0.002811491086856566,Methylation
METH_METH_cg19236431,meth_meth_cg19236431,-0.00326798945427319,0.002790340892241427,Methylation
METH_METH_cg04290119,meth_meth_cg04290119,-0.0034671120920004572,0.0032924407172921256,Methylation
METH_METH_cg24788034,meth_meth_cg24788034,-0.00360733236650308,0.00516584679699561,Methylation
METH_METH_cg00916635,meth_meth_cg00916635,-0.003880505074369778,0.008492065577748526,Methylation
METH_METH_cg18592964,meth_meth_cg18592964,-0.003929736015533358,0.0032273771893587613,Methylation
METH_METH_cg13814747,meth_meth_cg13814747,-0.00396919048352089,0.00724309886392808,Methylation
METH_METH_cg17796461,meth_meth_cg17796461,-0.004064665380088639,0.0074418010627683075,Methylation
METH_METH_cg03185794,meth_meth_cg03185794,-0.004132874539034215,0.0031284085374778552,Methylation
METH_METH_cg11404992,meth_meth_cg11404992,-0.004151056892138694,0.0032966813585530055,Methylation
METH_METH_cg25274263,meth_meth_cg25274263,-0.0041888011850585325,0.003701256098124621,Methylation
METH_METH_cg07810039,meth_meth_cg07810039,-0.004271290950390005,0.005577851850616777,Methylation
METH_METH_cg15375344,meth_meth_cg15375344,-0.004309593841527704,0.004011618426350585,Methylation
METH_METH_cg26081841,meth_meth_cg26081841,-0.005008643855720307,0.0038044725119891426,Methylation
METH_METH_cg26651303,meth_meth_cg26651303,-0.005076913889609336,0.0061431241100773325,Methylation
METH_METH_cg11660826,meth_meth_cg11660826,-0.005267989523900429,0.004615205430430498,Methylation
METH_METH_cg09126279,meth_meth_cg09126279,-0.005601673563384224,0.0027692363656375376,Methylation
METH_METH_cg16038120,meth_meth_cg16038120,-0.005603983138207746,0.006752471660660488,Methylation
METH_METH_cg05129325,meth_meth_cg05129325,-0.005704903098512837,0.0033938131286467984,Methylation
METH_METH_cg04275881,meth_meth_cg04275881,-0.005763510802236693,0.005678299360881538,Methylation
METH_METH_cg05890727,meth_meth_cg05890727,-0.005799035435837397,0.0034260817549727858,Methylation
RNA_RNA_LDHB,LDHB,-0.0058191491861112055,0.005266885812926596,RNA
METH_METH_cg23756265,meth_meth_cg23756265,-0.005868173506381557,0.006971082025200513,Methylation
METH_METH_cg00332048,meth_meth_cg00332048,-0.006068510693440598,0.007252924004218385,Methylation
METH_METH_cg14250336,meth_meth_cg14250336,-0.006136077415847619,0.004923856031096514,Methylation
METH_METH_cg09997714,meth_meth_cg09997714,-0.006240825483501233,0.003891365056217826,Methylation
METH_METH_cg18868483,meth_meth_cg18868483,-0.0063110793163563385,0.008508775961541553,Methylation
METH_METH_cg16937168,meth_meth_cg16937168,-0.006322998461438634,0.004131878802486273,Methylation
METH_METH_cg16291276,meth_meth_cg16291276,-0.006410988185175148,0.007815152199736894,Methylation
METH_METH_cg27515052,meth_meth_cg27515052,-0.006501162574094754,0.0033009507513026134,Methylation
METH_METH_cg03990033,meth_meth_cg03990033,-0.006594609504616577,0.0056556234590151916,Methylation
METH_METH_cg08947167,meth_meth_cg08947167,-0.007125665178856233,0.006737774070213282,Methylation
METH_METH_cg09106903,meth_meth_cg09106903,-0.00722819393367079,0.008972900190119796,Methylation
METH_METH_cg06399735,meth_meth_cg06399735,-0.00743079876668612,0.0074283582054533405,Methylation
METH_METH_cg08846467,meth_meth_cg08846467,-0.007890330044721727,0.005359172758998346,Methylation
METH_METH_cg09753839,meth_meth_cg09753839,-0.008783207229423596,0.005931564587005247,Methylation
METH_METH_cg15665400,meth_meth_cg15665400,-0.008903406600206266,0.007878637187138698,Methylation
METH_METH_cg16852369,meth_meth_cg16852369,-0.011419390768379667,0.007159744123096623,Methylation
