feature,short_name,mean_abs_coef,feature_type
RNA_RNA_UQCRB,UQCRB,0.17123907413294145,RNA
RNA_RNA_NDUFA4,NDUFA4,0.16912427751345074,RNA
RNA_RNA_PDK1,PDK1,0.1683956518726428,RNA
RNA_RNA_COX7A2,COX7A2,0.1571960976945331,RNA
RNA_RNA_NDUFB1,NDUFB1,0.15587967768134878,RNA
RNA_RNA_MDH2,MDH2,0.15221535733980346,RNA
RNA_RNA_NDUFA1,NDUFA1,0.15161015598306643,RNA
RNA_RNA_ALDOC,ALDOC,0.1506811162490991,RNA
RNA_RNA_NDUFA5,NDUFA5,0.15035148337074802,RNA
RNA_RNA_HK1,HK1,0.1497548122392139,RNA
RNA_RNA_PGD,PGD,0.14589847553352886,RNA
RNA_RNA_PGAM1,PGAM1,0.14326338941551053,RNA
RNA_RNA_NDUFB2,NDUFB2,0.13770538407736946,RNA
RNA_RNA_TKT,TKT,0.13356814670969888,RNA
RNA_RNA_PDK4,PDK4,0.1335091839338636,RNA
RNA_RNA_NDUFB3,NDUFB3,0.13199426714440676,RNA
RNA_RNA_NDUFB6,NDUFB6,0.13172871946878903,RNA
RNA_RNA_PKLR,PKLR,0.131537640947425,RNA
RNA_RNA_PGAM2,PGAM2,0.12714312414476622,RNA
RNA_RNA_NDUFB5,NDUFB5,0.12430362159598378,RNA
RNA_RNA_COX5A,COX5A,0.12247273489558448,RNA
RNA_RNA_COX6A1,COX6A1,0.11754948075317895,RNA
RNA_RNA_HK3,HK3,0.11675519459072119,RNA
RNA_RNA_PGK1,PGK1,0.11610415744453402,RNA
RNA_RNA_SLC16A3,SLC16A3,0.11533959323832026,RNA
RNA_RNA_UQCRC2,UQCRC2,0.11246501125509832,RNA
RNA_RNA_ENO1,ENO1,0.1094396387239488,RNA
RNA_RNA_SDHB,SDHB,0.1074275030988449,RNA
RNA_RNA_SLC16A1,SLC16A1,0.10391908145110008,RNA
RNA_RNA_COX7A1,COX7A1,0.10348610648679861,RNA
RNA_RNA_SDHA,SDHA,0.09997423927807236,RNA
RNA_RNA_G6PD,G6PD,0.09996788099675676,RNA
RNA_RNA_ENO2,ENO2,0.09967730522069529,RNA
RNA_RNA_PFKM,PFKM,0.09927406795915211,RNA
RNA_RNA_CYC1,CYC1,0.09701738577296666,RNA
RNA_RNA_NDUFA6,NDUFA6,0.09566684330896674,RNA
RNA_RNA_HK2,HK2,0.09493230430586456,RNA
RNA_RNA_ACO2,ACO2,0.08536202693051524,RNA
METH_METH_cg03877174,meth_meth_cg03877174,0.08504954159286791,Methylation
RNA_RNA_ALDOB,ALDOB,0.08476755330893511,RNA
RNA_RNA_NDUFB4,NDUFB4,0.08476636892479254,RNA
RNA_RNA_ALDOA,ALDOA,0.08464755343147128,RNA
METH_METH_cg00101712,meth_meth_cg00101712,0.08439581712371107,Methylation
METH_METH_cg18131626,meth_meth_cg18131626,0.08398910863013727,Methylation
METH_METH_cg13647382,meth_meth_cg13647382,0.08200235810597965,Methylation
METH_METH_cg12945054,meth_meth_cg12945054,0.0817174646298921,Methylation
METH_METH_cg07484739,meth_meth_cg07484739,0.08170852426756144,Methylation
RNA_RNA_PDHA1,PDHA1,0.0808100913497951,RNA
METH_METH_cg15259904,meth_meth_cg15259904,0.08071411293527454,Methylation
RNA_RNA_PFKL,PFKL,0.07761025251321806,RNA
RNA_RNA_SDHD,SDHD,0.07738421949935054,RNA
RNA_RNA_PGK2,PGK2,0.07519321018413502,RNA
RNA_RNA_COX5B,COX5B,0.07468739314856564,RNA
RNA_RNA_CS,CS,0.07395629938297725,RNA
METH_METH_cg23839159,meth_meth_cg23839159,0.07379171609866042,Methylation
METH_METH_cg13027851,meth_meth_cg13027851,0.0735514586794636,Methylation
RNA_RNA_NDUFA2,NDUFA2,0.07251690376988625,RNA
RNA_RNA_IDH3A,IDH3A,0.07202976163885988,RNA
RNA_RNA_NDUFA7,NDUFA7,0.07201088412965756,RNA
METH_METH_cg22455271,meth_meth_cg22455271,0.07193394333491122,Methylation
METH_METH_cg20961045,meth_meth_cg20961045,0.07182123890936389,Methylation
RNA_RNA_PDHB,PDHB,0.07166654600213988,RNA
RNA_RNA_LDHA,LDHA,0.07117951759691941,RNA
METH_METH_cg26394624,meth_meth_cg26394624,0.06840536150363603,Methylation
METH_METH_cg04388278,meth_meth_cg04388278,0.06818447499184742,Methylation
RNA_RNA_NDUFA3,NDUFA3,0.06792189396725995,RNA
RNA_RNA_FH,FH,0.06755306768687366,RNA
METH_METH_cg07211251,meth_meth_cg07211251,0.06713555060823469,Methylation
RNA_RNA_PFKP,PFKP,0.06713036616329332,RNA
RNA_RNA_COX4I1,COX4I1,0.06610716731495059,RNA
METH_METH_cg08291996,meth_meth_cg08291996,0.06569169440966902,Methylation
METH_METH_cg24234651,meth_meth_cg24234651,0.06560308442579504,Methylation
METH_METH_cg20889445,meth_meth_cg20889445,0.06544962295008268,Methylation
METH_METH_cg18674446,meth_meth_cg18674446,0.06543825506320514,Methylation
METH_METH_cg06635849,meth_meth_cg06635849,0.06521218208408473,Methylation
METH_METH_cg20074526,meth_meth_cg20074526,0.06456343429519311,Methylation
RNA_RNA_GAPDH,GAPDH,0.06392626802470869,RNA
RNA_RNA_PDK3,PDK3,0.06353286620973216,RNA
RNA_RNA_TALDO1,TALDO1,0.06349305412322848,RNA
METH_METH_cg11724366,meth_meth_cg11724366,0.06338455520425625,Methylation
RNA_RNA_SUCLA2,SUCLA2,0.06332554295437766,RNA
METH_METH_cg02512867,meth_meth_cg02512867,0.06331543996339274,Methylation
METH_METH_cg06639874,meth_meth_cg06639874,0.0627187848292667,Methylation
METH_METH_cg05693611,meth_meth_cg05693611,0.0620522051625324,Methylation
METH_METH_cg07040244,meth_meth_cg07040244,0.06200851621879494,Methylation
METH_METH_cg03834767,meth_meth_cg03834767,0.06099142635450349,Methylation
METH_METH_cg13814747,meth_meth_cg13814747,0.06081842611396777,Methylation
RNA_RNA_COX6B1,COX6B1,0.06057153078403316,RNA
METH_METH_cg19528963,meth_meth_cg19528963,0.06023664628772507,Methylation
METH_METH_cg13488570,meth_meth_cg13488570,0.0600659903402981,Methylation
METH_METH_cg10025586,meth_meth_cg10025586,0.05891482174979281,Methylation
METH_METH_cg09367198,meth_meth_cg09367198,0.05879161472273695,Methylation
METH_METH_cg10840277,meth_meth_cg10840277,0.05809759163097158,Methylation
METH_METH_cg18804777,meth_meth_cg18804777,0.0576645279519137,Methylation
RNA_RNA_PDK2,PDK2,0.05697008786736624,RNA
RNA_RNA_SDHC,SDHC,0.05626924594902821,RNA
RNA_RNA_IDH2,IDH2,0.05613664996520908,RNA
METH_METH_cg09696115,meth_meth_cg09696115,0.056107055223300256,Methylation
METH_METH_cg01555052,meth_meth_cg01555052,0.05579424534529585,Methylation
METH_METH_cg25728188,meth_meth_cg25728188,0.055712301367636614,Methylation
METH_METH_cg25301767,meth_meth_cg25301767,0.055482056398162775,Methylation
METH_METH_cg25078444,meth_meth_cg25078444,0.05540025107979143,Methylation
METH_METH_cg16407699,meth_meth_cg16407699,0.055265901669453256,Methylation
METH_METH_cg01462856,meth_meth_cg01462856,0.05503528458186472,Methylation
METH_METH_cg22627406,meth_meth_cg22627406,0.05399496552917638,Methylation
METH_METH_cg04192168,meth_meth_cg04192168,0.05395358465056419,Methylation
METH_METH_cg01156374,meth_meth_cg01156374,0.05389224609433971,Methylation
METH_METH_cg18868483,meth_meth_cg18868483,0.053556234865246334,Methylation
METH_METH_cg09106903,meth_meth_cg09106903,0.050910787109421124,Methylation
METH_METH_cg14986386,meth_meth_cg14986386,0.05086793558767122,Methylation
METH_METH_cg13531977,meth_meth_cg13531977,0.05053541322778201,Methylation
METH_METH_cg00174573,meth_meth_cg00174573,0.05050161979202079,Methylation
METH_METH_cg18670236,meth_meth_cg18670236,0.050486004423889085,Methylation
METH_METH_cg10362613,meth_meth_cg10362613,0.050448469376881626,Methylation
METH_METH_cg19719207,meth_meth_cg19719207,0.04995455670973853,Methylation
METH_METH_cg26458452,meth_meth_cg26458452,0.049916733252897916,Methylation
METH_METH_cg00025347,meth_meth_cg00025347,0.04956637837364519,Methylation
METH_METH_cg00916635,meth_meth_cg00916635,0.049154533358723905,Methylation
METH_METH_cg12127149,meth_meth_cg12127149,0.04893277023031454,Methylation
METH_METH_cg20065266,meth_meth_cg20065266,0.048671686554860316,Methylation
METH_METH_cg16416987,meth_meth_cg16416987,0.04815830300217951,Methylation
METH_METH_cg20741105,meth_meth_cg20741105,0.04814171525950384,Methylation
RNA_RNA_ENO3,ENO3,0.04811032668596308,RNA
METH_METH_cg22940525,meth_meth_cg22940525,0.04773164594658235,Methylation
RNA_RNA_NDUFB7,NDUFB7,0.04767418615786739,RNA
METH_METH_cg04247336,meth_meth_cg04247336,0.04767129815444834,Methylation
METH_METH_cg11713658,meth_meth_cg11713658,0.047420286721373626,Methylation
METH_METH_cg10983208,meth_meth_cg10983208,0.0473658455986472,Methylation
METH_METH_cg26620356,meth_meth_cg26620356,0.0472034318060632,Methylation
METH_METH_cg13054640,meth_meth_cg13054640,0.04706545283107929,Methylation
METH_METH_cg09684233,meth_meth_cg09684233,0.04667243148508387,Methylation
METH_METH_cg17126142,meth_meth_cg17126142,0.04662021909190368,Methylation
METH_METH_cg01271695,meth_meth_cg01271695,0.04650034580048315,Methylation
METH_METH_cg22863744,meth_meth_cg22863744,0.046235230543497596,Methylation
METH_METH_cg17796461,meth_meth_cg17796461,0.046145590032626915,Methylation
METH_METH_cg15334391,meth_meth_cg15334391,0.04608261812062314,Methylation
METH_METH_cg16758813,meth_meth_cg16758813,0.04608197572201173,Methylation
METH_METH_cg14711067,meth_meth_cg14711067,0.045928873212400106,Methylation
METH_METH_cg24361291,meth_meth_cg24361291,0.04582255501097141,Methylation
METH_METH_cg18797823,meth_meth_cg18797823,0.045794905280028886,Methylation
METH_METH_cg19310908,meth_meth_cg19310908,0.04560020425516257,Methylation
METH_METH_cg16649298,meth_meth_cg16649298,0.04558191362042976,Methylation
METH_METH_cg14659678,meth_meth_cg14659678,0.04537519893354588,Methylation
METH_METH_cg10773805,meth_meth_cg10773805,0.04529858150203376,Methylation
METH_METH_cg14093936,meth_meth_cg14093936,0.04518179618289875,Methylation
METH_METH_cg26158897,meth_meth_cg26158897,0.04509421385424012,Methylation
METH_METH_cg03917666,meth_meth_cg03917666,0.04437730047621528,Methylation
METH_METH_cg15948030,meth_meth_cg15948030,0.04424976513169154,Methylation
METH_METH_cg26152188,meth_meth_cg26152188,0.04420225172725999,Methylation
METH_METH_cg16226627,meth_meth_cg16226627,0.04420136465266866,Methylation
METH_METH_cg01030757,meth_meth_cg01030757,0.04379904215540781,Methylation
METH_METH_cg12543753,meth_meth_cg12543753,0.04378157809232828,Methylation
METH_METH_cg00475182,meth_meth_cg00475182,0.04364817512041127,Methylation
METH_METH_cg01561864,meth_meth_cg01561864,0.04363751972183429,Methylation
METH_METH_cg19589427,meth_meth_cg19589427,0.04354600814833796,Methylation
METH_METH_cg13916421,meth_meth_cg13916421,0.04350443034513241,Methylation
METH_METH_cg27303933,meth_meth_cg27303933,0.04330960374804995,Methylation
METH_METH_cg14004161,meth_meth_cg14004161,0.04327648626025063,Methylation
METH_METH_cg16177693,meth_meth_cg16177693,0.04298744943873765,Methylation
METH_METH_cg14181956,meth_meth_cg14181956,0.042359598159924315,Methylation
METH_METH_cg07810039,meth_meth_cg07810039,0.0421322632905212,Methylation
METH_METH_cg13375624,meth_meth_cg13375624,0.0420281083512459,Methylation
RNA_RNA_LDHC,LDHC,0.04181380125574161,RNA
METH_METH_cg00332048,meth_meth_cg00332048,0.04180645009640671,Methylation
METH_METH_cg06851151,meth_meth_cg06851151,0.041730950122041206,Methylation
METH_METH_cg06599209,meth_meth_cg06599209,0.041665949420348396,Methylation
METH_METH_cg03020545,meth_meth_cg03020545,0.04159332983269069,Methylation
METH_METH_cg01601658,meth_meth_cg01601658,0.04120404897739735,Methylation
METH_METH_cg16041798,meth_meth_cg16041798,0.041171384026479844,Methylation
METH_METH_cg02827572,meth_meth_cg02827572,0.0411468763068277,Methylation
METH_METH_cg03507641,meth_meth_cg03507641,0.04113612265825947,Methylation
METH_METH_cg18617808,meth_meth_cg18617808,0.04108948104968201,Methylation
METH_METH_cg11802027,meth_meth_cg11802027,0.040635422022386104,Methylation
METH_METH_cg02737619,meth_meth_cg02737619,0.04063235189022467,Methylation
METH_METH_cg13628444,meth_meth_cg13628444,0.04055682571472164,Methylation
METH_METH_cg02455392,meth_meth_cg02455392,0.040466952852846245,Methylation
METH_METH_cg08918658,meth_meth_cg08918658,0.040440895623632296,Methylation
METH_METH_cg09118749,meth_meth_cg09118749,0.040297960672961035,Methylation
METH_METH_cg06817455,meth_meth_cg06817455,0.04019219063446791,Methylation
METH_METH_cg01605516,meth_meth_cg01605516,0.040175255742016795,Methylation
METH_METH_cg07644368,meth_meth_cg07644368,0.040083489869112816,Methylation
METH_METH_cg01491071,meth_meth_cg01491071,0.0399019260171426,Methylation
METH_METH_cg27613998,meth_meth_cg27613998,0.03951916940624201,Methylation
METH_METH_cg10204320,meth_meth_cg10204320,0.03942896369804048,Methylation
METH_METH_cg12905592,meth_meth_cg12905592,0.03940155468023678,Methylation
METH_METH_cg20060685,meth_meth_cg20060685,0.03928344734661026,Methylation
METH_METH_cg16479633,meth_meth_cg16479633,0.039168307964322545,Methylation
METH_METH_cg00307214,meth_meth_cg00307214,0.03916607930049052,Methylation
METH_METH_cg11473616,meth_meth_cg11473616,0.038975588342112864,Methylation
METH_METH_cg20514322,meth_meth_cg20514322,0.03886023508794534,Methylation
METH_METH_cg27515052,meth_meth_cg27515052,0.038838441993570214,Methylation
METH_METH_cg04275881,meth_meth_cg04275881,0.03835215372204537,Methylation
METH_METH_cg21239317,meth_meth_cg21239317,0.038310911894971315,Methylation
METH_METH_cg19653282,meth_meth_cg19653282,0.03813932950558826,Methylation
METH_METH_cg23756265,meth_meth_cg23756265,0.03812306730152156,Methylation
METH_METH_cg00820311,meth_meth_cg00820311,0.038016651459847124,Methylation
METH_METH_cg14714391,meth_meth_cg14714391,0.037763107897513776,Methylation
METH_METH_cg15229275,meth_meth_cg15229275,0.037659734969995744,Methylation
METH_METH_cg27273125,meth_meth_cg27273125,0.037650846727104115,Methylation
METH_METH_cg09601505,meth_meth_cg09601505,0.037551548703993486,Methylation
METH_METH_cg16985778,meth_meth_cg16985778,0.0371151744834666,Methylation
METH_METH_cg10974980,meth_meth_cg10974980,0.03709916514270394,Methylation
METH_METH_cg11855643,meth_meth_cg11855643,0.03706947953174202,Methylation
METH_METH_cg18444099,meth_meth_cg18444099,0.03706249466700604,Methylation
METH_METH_cg16852369,meth_meth_cg16852369,0.03699923259059314,Methylation
METH_METH_cg10577216,meth_meth_cg10577216,0.03692875743435085,Methylation
METH_METH_cg02743342,meth_meth_cg02743342,0.03689700601807621,Methylation
METH_METH_cg01727105,meth_meth_cg01727105,0.03666527097055508,Methylation
METH_METH_cg09478396,meth_meth_cg09478396,0.03660151247294962,Methylation
METH_METH_cg04523868,meth_meth_cg04523868,0.036089651395943535,Methylation
METH_METH_cg27517563,meth_meth_cg27517563,0.03597733320668539,Methylation
METH_METH_cg03990033,meth_meth_cg03990033,0.035963036870948144,Methylation
METH_METH_cg02536065,meth_meth_cg02536065,0.03595439418517576,Methylation
METH_METH_cg12629991,meth_meth_cg12629991,0.03555209067263357,Methylation
METH_METH_cg09299055,meth_meth_cg09299055,0.035382363193382595,Methylation
METH_METH_cg19821297,meth_meth_cg19821297,0.035322705735696874,Methylation
METH_METH_cg26651303,meth_meth_cg26651303,0.035296917500001516,Methylation
METH_METH_cg25034941,meth_meth_cg25034941,0.035001242197807876,Methylation
RNA_RNA_GPI,GPI,0.03487704465353166,RNA
METH_METH_cg23640664,meth_meth_cg23640664,0.034833938949445344,Methylation
METH_METH_cg15331996,meth_meth_cg15331996,0.0348212257775982,Methylation
METH_METH_cg16291276,meth_meth_cg16291276,0.03478243445651207,Methylation
METH_METH_cg04685228,meth_meth_cg04685228,0.034764772121130966,Methylation
METH_METH_cg20996887,meth_meth_cg20996887,0.03468452374096864,Methylation
METH_METH_cg15665400,meth_meth_cg15665400,0.03454974591706597,Methylation
METH_METH_cg06968912,meth_meth_cg06968912,0.034230573406191594,Methylation
METH_METH_cg06354916,meth_meth_cg06354916,0.034112413637144144,Methylation
METH_METH_cg04981492,meth_meth_cg04981492,0.0338868355476858,Methylation
METH_METH_cg11807143,meth_meth_cg11807143,0.03387005037791957,Methylation
METH_METH_cg06720544,meth_meth_cg06720544,0.033643887872001815,Methylation
METH_METH_cg20175702,meth_meth_cg20175702,0.033488849539184885,Methylation
METH_METH_cg08613144,meth_meth_cg08613144,0.03346012053475741,Methylation
METH_METH_cg21429394,meth_meth_cg21429394,0.03310136159760175,Methylation
METH_METH_cg11152384,meth_meth_cg11152384,0.03304722340782878,Methylation
METH_METH_cg00399175,meth_meth_cg00399175,0.033005102060319556,Methylation
METH_METH_cg10080732,meth_meth_cg10080732,0.03300093534438211,Methylation
METH_METH_cg06138468,meth_meth_cg06138468,0.0328252480834774,Methylation
METH_METH_cg18547299,meth_meth_cg18547299,0.032760903270666934,Methylation
METH_METH_cg21307628,meth_meth_cg21307628,0.032733036668762455,Methylation
METH_METH_cg12789279,meth_meth_cg12789279,0.032561853289545424,Methylation
METH_METH_cg22681784,meth_meth_cg22681784,0.03251332309596872,Methylation
METH_METH_cg26689077,meth_meth_cg26689077,0.032365555555927024,Methylation
METH_METH_cg11690979,meth_meth_cg11690979,0.03212702257087912,Methylation
METH_METH_cg26594335,meth_meth_cg26594335,0.031920953044370946,Methylation
METH_METH_cg23195510,meth_meth_cg23195510,0.03172569518643809,Methylation
METH_METH_cg18664866,meth_meth_cg18664866,0.031647336998467494,Methylation
METH_METH_cg06399735,meth_meth_cg06399735,0.031564459928233805,Methylation
METH_METH_cg14461571,meth_meth_cg14461571,0.031555158178697175,Methylation
METH_METH_cg14842771,meth_meth_cg14842771,0.031451803543334135,Methylation
METH_METH_cg14087413,meth_meth_cg14087413,0.03141167234457446,Methylation
METH_METH_cg08846467,meth_meth_cg08846467,0.031214702585519585,Methylation
METH_METH_cg05551825,meth_meth_cg05551825,0.031123789131689252,Methylation
METH_METH_cg07430967,meth_meth_cg07430967,0.030961544115096887,Methylation
METH_METH_cg22035959,meth_meth_cg22035959,0.03095563569160226,Methylation
METH_METH_cg04663932,meth_meth_cg04663932,0.030947122558994317,Methylation
METH_METH_cg05350268,meth_meth_cg05350268,0.030843313368234895,Methylation
METH_METH_cg26857315,meth_meth_cg26857315,0.03079772040285335,Methylation
METH_METH_cg08947167,meth_meth_cg08947167,0.03073608791421445,Methylation
METH_METH_cg16937168,meth_meth_cg16937168,0.030402776097009768,Methylation
METH_METH_cg14068176,meth_meth_cg14068176,0.030352120050481175,Methylation
METH_METH_cg19416462,meth_meth_cg19416462,0.0302460333017894,Methylation
METH_METH_cg01859237,meth_meth_cg01859237,0.030186681875851117,Methylation
METH_METH_cg09433910,meth_meth_cg09433910,0.030161325145875134,Methylation
METH_METH_cg18161025,meth_meth_cg18161025,0.029966798160582883,Methylation
METH_METH_cg09675604,meth_meth_cg09675604,0.029925516002969266,Methylation
METH_METH_cg07830557,meth_meth_cg07830557,0.029892012285565997,Methylation
METH_METH_cg25946605,meth_meth_cg25946605,0.029771648389873517,Methylation
METH_METH_cg27181349,meth_meth_cg27181349,0.029675360396591077,Methylation
METH_METH_cg12105190,meth_meth_cg12105190,0.02955801153307394,Methylation
METH_METH_cg01542384,meth_meth_cg01542384,0.029533138459330754,Methylation
METH_METH_cg07358634,meth_meth_cg07358634,0.029511628588417896,Methylation
METH_METH_cg24199006,meth_meth_cg24199006,0.029299588055023335,Methylation
METH_METH_cg08355099,meth_meth_cg08355099,0.029281797039135138,Methylation
METH_METH_cg13581922,meth_meth_cg13581922,0.029007527695637428,Methylation
METH_METH_cg01729837,meth_meth_cg01729837,0.02893206989081355,Methylation
METH_METH_cg19247032,meth_meth_cg19247032,0.028926151028107958,Methylation
METH_METH_cg12885484,meth_meth_cg12885484,0.0289020644088937,Methylation
METH_METH_cg05306745,meth_meth_cg05306745,0.02878803265521897,Methylation
METH_METH_cg11660826,meth_meth_cg11660826,0.028746513361932628,Methylation
METH_METH_cg14081251,meth_meth_cg14081251,0.0287353147160964,Methylation
METH_METH_cg13063614,meth_meth_cg13063614,0.028657166668768785,Methylation
METH_METH_cg16025492,meth_meth_cg16025492,0.028428050336656213,Methylation
METH_METH_cg25244356,meth_meth_cg25244356,0.028073349736341884,Methylation
METH_METH_cg15120732,meth_meth_cg15120732,0.02800276444975147,Methylation
METH_METH_cg01977473,meth_meth_cg01977473,0.02796829533319119,Methylation
METH_METH_cg05044743,meth_meth_cg05044743,0.02785903497303034,Methylation
METH_METH_cg10289074,meth_meth_cg10289074,0.027728962143096256,Methylation
METH_METH_cg07551060,meth_meth_cg07551060,0.0274511129841092,Methylation
METH_METH_cg05890727,meth_meth_cg05890727,0.027369453783345068,Methylation
METH_METH_cg24788034,meth_meth_cg24788034,0.02732027772016885,Methylation
METH_METH_cg26124569,meth_meth_cg26124569,0.02726857771577081,Methylation
METH_METH_cg11958128,meth_meth_cg11958128,0.02708435332143297,Methylation
RNA_RNA_LDHB,LDHB,0.026957743619709883,RNA
METH_METH_cg16695890,meth_meth_cg16695890,0.02690881163766413,Methylation
METH_METH_cg09753839,meth_meth_cg09753839,0.026831134524518085,Methylation
METH_METH_cg04256466,meth_meth_cg04256466,0.026655579121509333,Methylation
METH_METH_cg20973210,meth_meth_cg20973210,0.026639788407919262,Methylation
METH_METH_cg04675502,meth_meth_cg04675502,0.026621865469622735,Methylation
METH_METH_cg19779057,meth_meth_cg19779057,0.026558958258784907,Methylation
METH_METH_cg18519308,meth_meth_cg18519308,0.026541427105062288,Methylation
METH_METH_cg03128890,meth_meth_cg03128890,0.026510476089829028,Methylation
METH_METH_cg12598025,meth_meth_cg12598025,0.02647424676208111,Methylation
METH_METH_cg17983217,meth_meth_cg17983217,0.026443035175499934,Methylation
METH_METH_cg07086945,meth_meth_cg07086945,0.026293500120690896,Methylation
METH_METH_cg04273431,meth_meth_cg04273431,0.0262060309338585,Methylation
METH_METH_cg24563094,meth_meth_cg24563094,0.026141025972063876,Methylation
METH_METH_cg01109219,meth_meth_cg01109219,0.026124096877806313,Methylation
METH_METH_cg11888982,meth_meth_cg11888982,0.02604570624972893,Methylation
METH_METH_cg14088142,meth_meth_cg14088142,0.026006714413233684,Methylation
METH_METH_cg10156274,meth_meth_cg10156274,0.025974152204707373,Methylation
METH_METH_cg16228086,meth_meth_cg16228086,0.025958267866487292,Methylation
METH_METH_cg08666707,meth_meth_cg08666707,0.0259225203642163,Methylation
METH_METH_cg10605137,meth_meth_cg10605137,0.025884412000490478,Methylation
METH_METH_cg22367556,meth_meth_cg22367556,0.025842121118539244,Methylation
METH_METH_cg18009710,meth_meth_cg18009710,0.02583800513864402,Methylation
METH_METH_cg19795338,meth_meth_cg19795338,0.025725954024578255,Methylation
METH_METH_cg26683639,meth_meth_cg26683639,0.02572479118809731,Methylation
METH_METH_cg00051307,meth_meth_cg00051307,0.025696489605283174,Methylation
METH_METH_cg25290307,meth_meth_cg25290307,0.025198477319213774,Methylation
METH_METH_cg26050975,meth_meth_cg26050975,0.025173819451250707,Methylation
METH_METH_cg00294382,meth_meth_cg00294382,0.025097156957386523,Methylation
METH_METH_cg00819338,meth_meth_cg00819338,0.025078827498322454,Methylation
METH_METH_cg11058951,meth_meth_cg11058951,0.025045436889314116,Methylation
METH_METH_cg13917273,meth_meth_cg13917273,0.02492950298268497,Methylation
METH_METH_cg18592964,meth_meth_cg18592964,0.024861915318275026,Methylation
METH_METH_cg21148404,meth_meth_cg21148404,0.02483062645818763,Methylation
RNA_RNA_OGDH,OGDH,0.02482531946293381,RNA
METH_METH_cg11404992,meth_meth_cg11404992,0.02480846528549192,Methylation
METH_METH_cg13023677,meth_meth_cg13023677,0.02479361700188336,Methylation
METH_METH_cg12502325,meth_meth_cg12502325,0.02476049659745365,Methylation
METH_METH_cg05226283,meth_meth_cg05226283,0.024758741702829434,Methylation
METH_METH_cg16405876,meth_meth_cg16405876,0.024697446513165505,Methylation
METH_METH_cg05352972,meth_meth_cg05352972,0.02448799121643887,Methylation
METH_METH_cg01202639,meth_meth_cg01202639,0.024211327756638396,Methylation
METH_METH_cg00902153,meth_meth_cg00902153,0.024202013327138894,Methylation
METH_METH_cg04839975,meth_meth_cg04839975,0.024189630447786187,Methylation
METH_METH_cg26334507,meth_meth_cg26334507,0.024058199583587347,Methylation
METH_METH_cg06157219,meth_meth_cg06157219,0.024055557739245708,Methylation
METH_METH_cg06864083,meth_meth_cg06864083,0.023720970099308913,Methylation
METH_METH_cg02980249,meth_meth_cg02980249,0.023543245220114934,Methylation
METH_METH_cg18336453,meth_meth_cg18336453,0.023529660409992884,Methylation
METH_METH_cg14952457,meth_meth_cg14952457,0.023480074650844795,Methylation
METH_METH_cg14006181,meth_meth_cg14006181,0.023241087928458266,Methylation
METH_METH_cg01511901,meth_meth_cg01511901,0.023239923998315537,Methylation
METH_METH_cg08110785,meth_meth_cg08110785,0.02322437330617919,Methylation
RNA_RNA_TPI1,TPI1,0.023211731807164866,RNA
METH_METH_cg14029170,meth_meth_cg14029170,0.023165723121295678,Methylation
METH_METH_cg24666355,meth_meth_cg24666355,0.023137006162602853,Methylation
METH_METH_cg24216990,meth_meth_cg24216990,0.022839957327904437,Methylation
METH_METH_cg05346963,meth_meth_cg05346963,0.02281105998340019,Methylation
METH_METH_cg23092956,meth_meth_cg23092956,0.022713413126428383,Methylation
METH_METH_cg27457191,meth_meth_cg27457191,0.02266945336529254,Methylation
METH_METH_cg08240383,meth_meth_cg08240383,0.02265768810684213,Methylation
METH_METH_cg20392615,meth_meth_cg20392615,0.022598240684306964,Methylation
METH_METH_cg25998666,meth_meth_cg25998666,0.02259767554345579,Methylation
METH_METH_cg00026033,meth_meth_cg00026033,0.022555099402699435,Methylation
METH_METH_cg21637392,meth_meth_cg21637392,0.02252034418992242,Methylation
METH_METH_cg11026867,meth_meth_cg11026867,0.022402009626585156,Methylation
METH_METH_cg18220380,meth_meth_cg18220380,0.022331666679359496,Methylation
METH_METH_cg27627493,meth_meth_cg27627493,0.022118843324258185,Methylation
METH_METH_cg26247093,meth_meth_cg26247093,0.02207530569295514,Methylation
METH_METH_cg11676024,meth_meth_cg11676024,0.022072270975679802,Methylation
METH_METH_cg04266152,meth_meth_cg04266152,0.02206578059346621,Methylation
METH_METH_cg14740771,meth_meth_cg14740771,0.022053470236457262,Methylation
METH_METH_cg15733007,meth_meth_cg15733007,0.0218424060926424,Methylation
METH_METH_cg25398044,meth_meth_cg25398044,0.021758911335217717,Methylation
METH_METH_cg26311610,meth_meth_cg26311610,0.02136804140042085,Methylation
METH_METH_cg06419268,meth_meth_cg06419268,0.021302040008700656,Methylation
METH_METH_cg14250336,meth_meth_cg14250336,0.0212395418751704,Methylation
METH_METH_cg11826008,meth_meth_cg11826008,0.0211965715831465,Methylation
METH_METH_cg20937016,meth_meth_cg20937016,0.021194533774609392,Methylation
METH_METH_cg16038120,meth_meth_cg16038120,0.021111262183241327,Methylation
METH_METH_cg11804789,meth_meth_cg11804789,0.021097216739624124,Methylation
METH_METH_cg11414345,meth_meth_cg11414345,0.021070872301367023,Methylation
METH_METH_cg26081841,meth_meth_cg26081841,0.02102086914571928,Methylation
METH_METH_cg26823144,meth_meth_cg26823144,0.020997852247980748,Methylation
METH_METH_cg24489370,meth_meth_cg24489370,0.020905944205521842,Methylation
METH_METH_cg03926640,meth_meth_cg03926640,0.020889191983847855,Methylation
METH_METH_cg02035605,meth_meth_cg02035605,0.020843251862807197,Methylation
METH_METH_cg12758485,meth_meth_cg12758485,0.02082769831270092,Methylation
METH_METH_cg12547807,meth_meth_cg12547807,0.020728606890097506,Methylation
METH_METH_cg11759172,meth_meth_cg11759172,0.020679719340749456,Methylation
METH_METH_cg26474549,meth_meth_cg26474549,0.02059741867064844,Methylation
METH_METH_cg16645907,meth_meth_cg16645907,0.020466671509931082,Methylation
METH_METH_cg25354348,meth_meth_cg25354348,0.020420425742887455,Methylation
METH_METH_cg13512948,meth_meth_cg13512948,0.020357622566440813,Methylation
METH_METH_cg00987534,meth_meth_cg00987534,0.020337979145836693,Methylation
METH_METH_cg09997714,meth_meth_cg09997714,0.02027208167002213,Methylation
METH_METH_cg23061150,meth_meth_cg23061150,0.02014025197352364,Methylation
METH_METH_cg22789515,meth_meth_cg22789515,0.020079836999385443,Methylation
METH_METH_cg07606384,meth_meth_cg07606384,0.020070631863477895,Methylation
METH_METH_cg05599160,meth_meth_cg05599160,0.020048607634768702,Methylation
METH_METH_cg13656752,meth_meth_cg13656752,0.020026413779208573,Methylation
METH_METH_cg14654171,meth_meth_cg14654171,0.020014375069180166,Methylation
METH_METH_cg15375344,meth_meth_cg15375344,0.01995808776910073,Methylation
METH_METH_cg02764722,meth_meth_cg02764722,0.019877003911924127,Methylation
METH_METH_cg25213720,meth_meth_cg25213720,0.0198733146848433,Methylation
METH_METH_cg01766957,meth_meth_cg01766957,0.019865773390114232,Methylation
METH_METH_cg13577946,meth_meth_cg13577946,0.019839964698680778,Methylation
METH_METH_cg19479086,meth_meth_cg19479086,0.019743096939546862,Methylation
METH_METH_cg02011074,meth_meth_cg02011074,0.01967234924288047,Methylation
METH_METH_cg15777769,meth_meth_cg15777769,0.019657938115371372,Methylation
METH_METH_cg02009766,meth_meth_cg02009766,0.019331318116565854,Methylation
METH_METH_cg03922126,meth_meth_cg03922126,0.019160322724437486,Methylation
METH_METH_cg01227537,meth_meth_cg01227537,0.018820802723603685,Methylation
METH_METH_cg23922520,meth_meth_cg23922520,0.018780984394865474,Methylation
METH_METH_cg25274263,meth_meth_cg25274263,0.018765594396276748,Methylation
METH_METH_cg06946880,meth_meth_cg06946880,0.018693434052355355,Methylation
METH_METH_cg14800014,meth_meth_cg14800014,0.018624023164297683,Methylation
METH_METH_cg21644914,meth_meth_cg21644914,0.018544917727246018,Methylation
METH_METH_cg08527797,meth_meth_cg08527797,0.018481156474700743,Methylation
METH_METH_cg24153813,meth_meth_cg24153813,0.018427053991884674,Methylation
METH_METH_cg16701848,meth_meth_cg16701848,0.018171920670488964,Methylation
METH_METH_cg14557216,meth_meth_cg14557216,0.01811853086848077,Methylation
METH_METH_cg18640536,meth_meth_cg18640536,0.01791435597483191,Methylation
METH_METH_cg03043127,meth_meth_cg03043127,0.01787674078275221,Methylation
METH_METH_cg20469680,meth_meth_cg20469680,0.017798259540093734,Methylation
METH_METH_cg00226822,meth_meth_cg00226822,0.017599766851050126,Methylation
METH_METH_cg10286983,meth_meth_cg10286983,0.017461609049509677,Methylation
METH_METH_cg17077762,meth_meth_cg17077762,0.01717242410994276,Methylation
METH_METH_cg06786153,meth_meth_cg06786153,0.017136231939545398,Methylation
METH_METH_cg05129325,meth_meth_cg05129325,0.017088448883451044,Methylation
METH_METH_cg15459780,meth_meth_cg15459780,0.01707402742185216,Methylation
METH_METH_cg23637349,meth_meth_cg23637349,0.016934188325665855,Methylation
METH_METH_cg15393221,meth_meth_cg15393221,0.01689368673945521,Methylation
METH_METH_cg03185794,meth_meth_cg03185794,0.01687749752443383,Methylation
METH_METH_cg27012424,meth_meth_cg27012424,0.016859895665288734,Methylation
METH_METH_cg22678073,meth_meth_cg22678073,0.01681090496460796,Methylation
METH_METH_cg18335326,meth_meth_cg18335326,0.016763060352793905,Methylation
METH_METH_cg05908587,meth_meth_cg05908587,0.01674495326608766,Methylation
METH_METH_cg03336402,meth_meth_cg03336402,0.0166406244652105,Methylation
METH_METH_cg05516499,meth_meth_cg05516499,0.01639806159621887,Methylation
METH_METH_cg24302235,meth_meth_cg24302235,0.01639242844439079,Methylation
METH_METH_cg26446499,meth_meth_cg26446499,0.01622545293507951,Methylation
METH_METH_cg09126279,meth_meth_cg09126279,0.016216134296888115,Methylation
METH_METH_cg19236431,meth_meth_cg19236431,0.016135337674989262,Methylation
METH_METH_cg22512292,meth_meth_cg22512292,0.016118786106505443,Methylation
METH_METH_cg01119135,meth_meth_cg01119135,0.016096026517645558,Methylation
METH_METH_cg12197421,meth_meth_cg12197421,0.016057668398021707,Methylation
METH_METH_cg18754118,meth_meth_cg18754118,0.01600847344243562,Methylation
METH_METH_cg16650073,meth_meth_cg16650073,0.015940671171702864,Methylation
METH_METH_cg06563300,meth_meth_cg06563300,0.015589071521168696,Methylation
METH_METH_cg04290119,meth_meth_cg04290119,0.015463495882185601,Methylation
METH_METH_cg17598358,meth_meth_cg17598358,0.015413496041429815,Methylation
METH_METH_cg05034446,meth_meth_cg05034446,0.015123657191804201,Methylation
METH_METH_cg16373000,meth_meth_cg16373000,0.015014274121759751,Methylation
METH_METH_cg14456683,meth_meth_cg14456683,0.01493936430804845,Methylation
METH_METH_cg08271153,meth_meth_cg08271153,0.014780436753863346,Methylation
METH_METH_cg19775269,meth_meth_cg19775269,0.014385404246309021,Methylation
METH_METH_cg07474957,meth_meth_cg07474957,0.014225308711089797,Methylation
METH_METH_cg18055007,meth_meth_cg18055007,0.014026624621852961,Methylation
METH_METH_cg01362358,meth_meth_cg01362358,0.013999616817815065,Methylation
METH_METH_cg24307587,meth_meth_cg24307587,0.013832247890822222,Methylation
METH_METH_cg06912665,meth_meth_cg06912665,0.013614840715730131,Methylation
METH_METH_cg09263647,meth_meth_cg09263647,0.013389698101068137,Methylation
METH_METH_cg18505710,meth_meth_cg18505710,0.013234284945671998,Methylation
METH_METH_cg05527337,meth_meth_cg05527337,0.013121028187774747,Methylation
METH_METH_cg24181605,meth_meth_cg24181605,0.012844873200579476,Methylation
METH_METH_cg06947286,meth_meth_cg06947286,0.012766277166307358,Methylation
RNA_RNA_UQCRC1,UQCRC1,0.012724200524694263,RNA
METH_METH_cg01815912,meth_meth_cg01815912,0.012600828267667558,Methylation
METH_METH_cg13298199,meth_meth_cg13298199,0.012560884069824849,Methylation
METH_METH_cg19264170,meth_meth_cg19264170,0.012433417655313111,Methylation
METH_METH_cg12189551,meth_meth_cg12189551,0.012315729492551506,Methylation
METH_METH_cg26607528,meth_meth_cg26607528,0.0120973770159338,Methylation
METH_METH_cg07672051,meth_meth_cg07672051,0.011915968449847839,Methylation
METH_METH_cg04896437,meth_meth_cg04896437,0.01189098141758107,Methylation
METH_METH_cg08285151,meth_meth_cg08285151,0.01173713589851174,Methylation
METH_METH_cg15205547,meth_meth_cg15205547,0.011631215205646347,Methylation
METH_METH_cg03725115,meth_meth_cg03725115,0.011628720971356024,Methylation
METH_METH_cg01070161,meth_meth_cg01070161,0.01147980678038526,Methylation
METH_METH_cg08752433,meth_meth_cg08752433,0.010689874366107292,Methylation
METH_METH_cg21661379,meth_meth_cg21661379,0.010505515067641117,Methylation
METH_METH_cg05696931,meth_meth_cg05696931,0.010464515154884791,Methylation
METH_METH_cg03655174,meth_meth_cg03655174,0.010340088002697626,Methylation
METH_METH_cg01202265,meth_meth_cg01202265,0.010278691272831325,Methylation
METH_METH_cg20254354,meth_meth_cg20254354,0.010167243806490473,Methylation
METH_METH_cg11308170,meth_meth_cg11308170,0.010100152960018574,Methylation
METH_METH_cg22619784,meth_meth_cg22619784,0.009773670618625654,Methylation
METH_METH_cg21197336,meth_meth_cg21197336,0.00961794615885621,Methylation
METH_METH_cg20705321,meth_meth_cg20705321,0.009288497196092824,Methylation
METH_METH_cg13865610,meth_meth_cg13865610,0.009285369157358324,Methylation
METH_METH_cg17546376,meth_meth_cg17546376,0.008960953799997956,Methylation
METH_METH_cg12033125,meth_meth_cg12033125,0.00888757068527874,Methylation
METH_METH_cg02270010,meth_meth_cg02270010,0.008728312535616694,Methylation
METH_METH_cg15152595,meth_meth_cg15152595,0.008539942146221878,Methylation
METH_METH_cg19052547,meth_meth_cg19052547,0.007494198189604897,Methylation
METH_METH_cg12805374,meth_meth_cg12805374,0.007276635283143685,Methylation
METH_METH_cg06728055,meth_meth_cg06728055,0.007218676740361974,Methylation
METH_METH_cg21388639,meth_meth_cg21388639,0.007009538098207113,Methylation
METH_METH_cg27268104,meth_meth_cg27268104,0.006793874254934937,Methylation
METH_METH_cg14232108,meth_meth_cg14232108,0.005930560125654824,Methylation
METH_METH_cg14707187,meth_meth_cg14707187,0.00588474944183744,Methylation
METH_METH_cg11834730,meth_meth_cg11834730,0.005880805688671671,Methylation
METH_METH_cg23703303,meth_meth_cg23703303,0.005863556820600266,Methylation
METH_METH_cg16991168,meth_meth_cg16991168,0.0055791484818306855,Methylation
METH_METH_cg06631160,meth_meth_cg06631160,0.0053257599501160225,Methylation
METH_METH_cg01581222,meth_meth_cg01581222,0.0034773334180097566,Methylation
METH_METH_cg22789237,meth_meth_cg22789237,0.002085218954335152,Methylation
METH_METH_cg10694598,meth_meth_cg10694598,0.0019417696205979197,Methylation
